t,kind,value
# event: sudden_stop-0-360 kind=sudden_stop atSec=360
0,repVelocityMps,0.0825
0,repCount,0
0,motionIntensityG,0.43000000000000005
0,activeEnergyKcal,0.04278202676864245
0,heartRateBpm,58.525732547779945
1,repVelocityMps,0.0825
1,repCount,0
1,motionIntensityG,0.43000000000000005
1,activeEnergyKcal,0.0855640535372849
1,heartRateBpm,60.67297668494405
2,repVelocityMps,0.0825
2,repCount,0
2,motionIntensityG,0.43000000000000005
2,activeEnergyKcal,0.12834608030592734
2,heartRateBpm,60.9017553545214
3,repVelocityMps,0.5446296454674552
3,repCount,1
3,motionIntensityG,1.1297309873469363
3,activeEnergyKcal,0.1711281070745698
3,heartRateBpm,62.493852786548544
4,repVelocityMps,0.08169444682011827
4,repCount,1
4,motionIntensityG,0.43000000000000005
4,activeEnergyKcal,0.21391013384321225
4,heartRateBpm,63.24120211865889
5,repVelocityMps,0.08169444682011827
5,repCount,1
5,motionIntensityG,0.43000000000000005
5,activeEnergyKcal,0.2566921606118547
5,heartRateBpm,79.8321409465037
6,repVelocityMps,0.4889287701224025
6,repCount,2
6,motionIntensityG,1.566493507585138
6,activeEnergyKcal,0.29947418738049714
6,heartRateBpm,96.5568429212082
7,repVelocityMps,0.07333931551836037
7,repCount,2
7,motionIntensityG,0.43000000000000005
7,activeEnergyKcal,0.3422562141491396
7,heartRateBpm,112.2416300408591
8,repVelocityMps,0.07333931551836037
8,repCount,2
8,motionIntensityG,0.43000000000000005
8,activeEnergyKcal,0.38503824091778205
8,heartRateBpm,112.90806170789396
9,repVelocityMps,0.39472691357482415
9,repCount,3
9,motionIntensityG,1.2467126384138139
9,activeEnergyKcal,0.4278202676864245
9,heartRateBpm,114.50951229038675
10,repVelocityMps,0
10,repCount,3
10,motionIntensityG,0.0689749824963651
10,activeEnergyKcal,0.47060229445506696
10,heartRateBpm,113.88946105096133
11,repVelocityMps,0
11,repCount,3
11,motionIntensityG,0.055555242308746575
11,activeEnergyKcal,0.5133843212237094
11,heartRateBpm,113.53213417398787
12,repVelocityMps,0
12,repCount,3
12,motionIntensityG,0.12137086031499861
12,activeEnergyKcal,0.5561663479923518
12,heartRateBpm,113.27273967021733
13,repVelocityMps,0
13,repCount,3
13,motionIntensityG,0.12173269062505426
13,activeEnergyKcal,0.5989483747609942
13,heartRateBpm,114.8443999511978
14,repVelocityMps,0
14,repCount,3
14,motionIntensityG,0.08813040245729029
14,activeEnergyKcal,0.6417304015296366
14,heartRateBpm,113.21338520911907
15,repVelocityMps,0
15,repCount,3
15,motionIntensityG,0.08713296405725289
15,activeEnergyKcal,0.684512428298279
15,heartRateBpm,114.22442160941732
16,repVelocityMps,0
16,repCount,3
16,motionIntensityG,0.07827374196224746
16,activeEnergyKcal,0.7272944550669214
16,heartRateBpm,114.91262035213235
17,repVelocityMps,0
17,repCount,3
17,motionIntensityG,0.05573126467281404
17,activeEnergyKcal,0.7700764818355638
17,heartRateBpm,114.52296473841159
18,repVelocityMps,0
18,repCount,3
18,motionIntensityG,0.09396390041102565
18,activeEnergyKcal,0.8128585086042062
18,heartRateBpm,114.37128950472226
19,repVelocityMps,0
19,repCount,3
19,motionIntensityG,0.055122257651719284
19,activeEnergyKcal,0.8556405353728486
19,heartRateBpm,115.47939790034094
20,repVelocityMps,0
20,repCount,3
20,motionIntensityG,0.08682296414453662
20,activeEnergyKcal,0.898422562141491
20,heartRateBpm,117.04240312552979
21,repVelocityMps,0
21,repCount,3
21,motionIntensityG,0.0885747080275505
21,activeEnergyKcal,0.9412045889101334
21,heartRateBpm,117.49904520080312
22,repVelocityMps,0
22,repCount,3
22,motionIntensityG,0.08283463270055505
22,activeEnergyKcal,0.9839866156787758
22,heartRateBpm,117.62008812664686
23,repVelocityMps,0
23,repCount,3
23,motionIntensityG,0.08789279639236786
23,activeEnergyKcal,1.0267686424474183
23,heartRateBpm,118.44241778661655
24,repVelocityMps,0
24,repCount,3
24,motionIntensityG,0.0693289619579493
24,activeEnergyKcal,1.0695506692160608
24,heartRateBpm,119.30106554592854
25,repVelocityMps,0
25,repCount,3
25,motionIntensityG,0.07518308922602718
25,activeEnergyKcal,1.1123326959847033
25,heartRateBpm,120.85363857502986
26,repVelocityMps,0
26,repCount,3
26,motionIntensityG,0.05189237598330477
26,activeEnergyKcal,1.1551147227533458
26,heartRateBpm,121.60953112231522
27,repVelocityMps,0
27,repCount,3
27,motionIntensityG,0.07568042759563873
27,activeEnergyKcal,1.1978967495219883
27,heartRateBpm,122.1178858578562
28,repVelocityMps,0
28,repCount,3
28,motionIntensityG,0.08967313194853287
28,activeEnergyKcal,1.2406787762906308
28,heartRateBpm,121.73948246385258
29,repVelocityMps,0
29,repCount,3
29,motionIntensityG,0.0981504801663391
29,activeEnergyKcal,1.2834608030592733
29,heartRateBpm,121.54482394986144
30,repVelocityMps,0
30,repCount,3
30,motionIntensityG,0.057497767570922065
30,activeEnergyKcal,1.3262428298279159
30,heartRateBpm,121.13580664079699
31,repVelocityMps,0
31,repCount,3
31,motionIntensityG,0.0756156960214942
31,activeEnergyKcal,1.3690248565965584
31,heartRateBpm,120.23717916661062
32,repVelocityMps,0
32,repCount,3
32,motionIntensityG,0.08188328397950531
32,activeEnergyKcal,1.4118068833652009
32,heartRateBpm,119.09915427069078
33,repVelocityMps,0
33,repCount,3
33,motionIntensityG,0.08325973778004682
33,activeEnergyKcal,1.4545889101338434
33,heartRateBpm,118.52850529852797
34,repVelocityMps,0
34,repCount,3
34,motionIntensityG,0.06408288100199452
34,activeEnergyKcal,1.497370936902486
34,heartRateBpm,117.74356305947389
35,repVelocityMps,0
35,repCount,3
35,motionIntensityG,0.06238156292849904
35,activeEnergyKcal,1.5401529636711284
35,heartRateBpm,115.07199390909037
36,repVelocityMps,0
36,repCount,3
36,motionIntensityG,0.0945317780583075
36,activeEnergyKcal,1.582934990439771
36,heartRateBpm,115.98122109114294
37,repVelocityMps,0
37,repCount,3
37,motionIntensityG,0.07101645077167965
37,activeEnergyKcal,1.6257170172084134
37,heartRateBpm,115.39001091899375
38,repVelocityMps,0
38,repCount,3
38,motionIntensityG,0.05275879324686801
38,activeEnergyKcal,1.668499043977056
38,heartRateBpm,113.71976749048905
39,repVelocityMps,0
39,repCount,3
39,motionIntensityG,0.08608273525811364
39,activeEnergyKcal,1.7112810707456985
39,heartRateBpm,115.13798669277655
40,repVelocityMps,0
40,repCount,3
40,motionIntensityG,0.04233754857385763
40,activeEnergyKcal,1.754063097514341
40,heartRateBpm,116.07356850688014
41,repVelocityMps,0
41,repCount,3
41,motionIntensityG,0.07136319755391632
41,activeEnergyKcal,1.7968451242829835
41,heartRateBpm,116.1828422945062
42,repVelocityMps,0
42,repCount,3
42,motionIntensityG,0.05265764174477627
42,activeEnergyKcal,1.839627151051626
42,heartRateBpm,116.64863805525988
43,repVelocityMps,0
43,repCount,3
43,motionIntensityG,0.07495056593806218
43,activeEnergyKcal,1.8824091778202685
43,heartRateBpm,116.41304063878455
44,repVelocityMps,0
44,repCount,3
44,motionIntensityG,0.1081432413442064
44,activeEnergyKcal,1.925191204588911
44,heartRateBpm,117.44306492985083
45,repVelocityMps,0
45,repCount,3
45,motionIntensityG,0.08436278935514029
45,activeEnergyKcal,1.9679732313575535
45,heartRateBpm,115.84654864217913
46,repVelocityMps,0
46,repCount,3
46,motionIntensityG,0.10067387559630055
46,activeEnergyKcal,2.010755258126196
46,heartRateBpm,115.49893448150877
47,repVelocityMps,0
47,repCount,3
47,motionIntensityG,0.07554392032934866
47,activeEnergyKcal,2.0535372848948383
47,heartRateBpm,114.79850036463151
48,repVelocityMps,0
48,repCount,3
48,motionIntensityG,0.06209199500789196
48,activeEnergyKcal,2.0963193116634806
48,heartRateBpm,115.04874057593253
49,repVelocityMps,0
49,repCount,3
49,motionIntensityG,0.06712062915008297
49,activeEnergyKcal,2.139101338432123
49,heartRateBpm,113.61371331200446
50,repVelocityMps,0
50,repCount,3
50,motionIntensityG,0.04811292739463438
50,activeEnergyKcal,2.181883365200765
50,heartRateBpm,114.82539144876908
51,repVelocityMps,0
51,repCount,3
51,motionIntensityG,0.1200265325371905
51,activeEnergyKcal,2.2246653919694075
51,heartRateBpm,114.1067838447517
52,repVelocityMps,0
52,repCount,3
52,motionIntensityG,0.0704641343855002
52,activeEnergyKcal,2.26744741873805
52,heartRateBpm,116.39697004367271
53,repVelocityMps,0
53,repCount,3
53,motionIntensityG,0.04706847695117818
53,activeEnergyKcal,2.310229445506692
53,heartRateBpm,117.57046417151372
54,repVelocityMps,0
54,repCount,3
54,motionIntensityG,0.12246722794906365
54,activeEnergyKcal,2.3530114722753344
54,heartRateBpm,116.96571641222144
55,repVelocityMps,0
55,repCount,3
55,motionIntensityG,0.08740133161928915
55,activeEnergyKcal,2.3957934990439766
55,heartRateBpm,116.49615399847843
56,repVelocityMps,0
56,repCount,3
56,motionIntensityG,0.12031116167567021
56,activeEnergyKcal,2.438575525812619
56,heartRateBpm,117.12421511075236
57,repVelocityMps,0
57,repCount,3
57,motionIntensityG,0.10127298934245656
57,activeEnergyKcal,2.4813575525812612
57,heartRateBpm,116.21004417602278
58,repVelocityMps,0
58,repCount,3
58,motionIntensityG,0.09582387047390034
58,activeEnergyKcal,2.5241395793499035
58,heartRateBpm,113.60357793226791
59,repVelocityMps,0
59,repCount,3
59,motionIntensityG,0.07936114837795205
59,activeEnergyKcal,2.566921606118546
59,heartRateBpm,114.08430281951412
60,repVelocityMps,0
60,repCount,3
60,motionIntensityG,0.06419031373838706
60,activeEnergyKcal,2.609703632887188
60,heartRateBpm,115.05467186030752
61,repVelocityMps,0
61,repCount,3
61,motionIntensityG,0.06557234863176221
61,activeEnergyKcal,2.6524856596558304
61,heartRateBpm,114.82491396832637
62,repVelocityMps,0
62,repCount,3
62,motionIntensityG,0.08515837014266656
62,activeEnergyKcal,2.6952676864244727
62,heartRateBpm,113.91806382111321
63,repVelocityMps,0
63,repCount,3
63,motionIntensityG,0.0918561195984269
63,activeEnergyKcal,2.738049713193115
63,heartRateBpm,113.7005919218073
64,repVelocityMps,0
64,repCount,3
64,motionIntensityG,0.07134798784571468
64,activeEnergyKcal,2.7808317399617573
64,heartRateBpm,114.9955656587144
65,repVelocityMps,0
65,repCount,3
65,motionIntensityG,0.09323017275168065
65,activeEnergyKcal,2.8236137667303995
65,heartRateBpm,113.33723868600582
66,repVelocityMps,0
66,repCount,3
66,motionIntensityG,0.07441121080739625
66,activeEnergyKcal,2.866395793499042
66,heartRateBpm,114.05298649968807
67,repVelocityMps,0
67,repCount,3
67,motionIntensityG,0.07658514562493163
67,activeEnergyKcal,2.909177820267684
67,heartRateBpm,112.83376382972106
68,repVelocityMps,0
68,repCount,3
68,motionIntensityG,0.05831219315426128
68,activeEnergyKcal,2.9519598470363264
68,heartRateBpm,114.21945387599295
69,repVelocityMps,0
69,repCount,3
69,motionIntensityG,0.06440858237608581
69,activeEnergyKcal,2.9947418738049687
69,heartRateBpm,111.56001115430328
70,repVelocityMps,0
70,repCount,3
70,motionIntensityG,0.10209948095855674
70,activeEnergyKcal,3.037523900573611
70,heartRateBpm,110.58102999022833
71,repVelocityMps,0
71,repCount,3
71,motionIntensityG,0.09320636390748772
71,activeEnergyKcal,3.0803059273422533
71,heartRateBpm,112.62825177715126
72,repVelocityMps,0
72,repCount,3
72,motionIntensityG,0.07335958800759364
72,activeEnergyKcal,3.1230879541108956
72,heartRateBpm,112.47240069131307
73,repVelocityMps,0
73,repCount,3
73,motionIntensityG,0.09627270123053994
73,activeEnergyKcal,3.165869980879538
73,heartRateBpm,112.48624430223859
74,repVelocityMps,0
74,repCount,3
74,motionIntensityG,0.081237022482569
74,activeEnergyKcal,3.20865200764818
74,heartRateBpm,112.29587156307929
75,repVelocityMps,0
75,repCount,3
75,motionIntensityG,0.0639202278106665
75,activeEnergyKcal,3.2514340344168224
75,heartRateBpm,112.17865638739447
76,repVelocityMps,0
76,repCount,3
76,motionIntensityG,0.07476156875384424
76,activeEnergyKcal,3.2942160611854647
76,heartRateBpm,111.12164396933701
77,repVelocityMps,0
77,repCount,3
77,motionIntensityG,0.05188425379614062
77,activeEnergyKcal,3.336998087954107
77,heartRateBpm,111.66609173963145
78,repVelocityMps,0
78,repCount,3
78,motionIntensityG,0.09116488121542805
78,activeEnergyKcal,3.3797801147227493
78,heartRateBpm,112.08253560577134
79,repVelocityMps,0
79,repCount,3
79,motionIntensityG,0.08472286326237335
79,activeEnergyKcal,3.4225621414913916
79,heartRateBpm,111.19087554456578
80,repVelocityMps,0
80,repCount,3
80,motionIntensityG,0.09511346668824701
80,activeEnergyKcal,3.465344168260034
80,heartRateBpm,111.83981006452953
81,repVelocityMps,0
81,repCount,3
81,motionIntensityG,0.08275672499223967
81,activeEnergyKcal,3.508126195028676
81,heartRateBpm,112.37503503233435
82,repVelocityMps,0
82,repCount,3
82,motionIntensityG,0.04281756809213848
82,activeEnergyKcal,3.5509082217973185
82,heartRateBpm,113.87719879296733
83,repVelocityMps,0
83,repCount,3
83,motionIntensityG,0.10230290660828244
83,activeEnergyKcal,3.5936902485659608
83,heartRateBpm,114.26342303562446
84,repVelocityMps,0
84,repCount,3
84,motionIntensityG,0.11140250156548033
84,activeEnergyKcal,3.636472275334603
84,heartRateBpm,113.47798164915928
85,repVelocityMps,0
85,repCount,3
85,motionIntensityG,0.07484248561316464
85,activeEnergyKcal,3.6792543021032453
85,heartRateBpm,113.54644471413381
86,repVelocityMps,0
86,repCount,3
86,motionIntensityG,0.08113869902076541
86,activeEnergyKcal,3.7220363288718876
86,heartRateBpm,115.47649496525493
87,repVelocityMps,0
87,repCount,3
87,motionIntensityG,0.05696931223718684
87,activeEnergyKcal,3.76481835564053
87,heartRateBpm,116.82904952045105
88,repVelocityMps,0
88,repCount,3
88,motionIntensityG,0.10891573236373629
88,activeEnergyKcal,3.807600382409172
88,heartRateBpm,117.37280729626518
89,repVelocityMps,0
89,repCount,3
89,motionIntensityG,0.06301224072378271
89,activeEnergyKcal,3.8503824091778145
89,heartRateBpm,117.4022696680425
90,repVelocityMps,0
90,repCount,3
90,motionIntensityG,0.08196577434645341
90,activeEnergyKcal,3.893164435946457
90,heartRateBpm,116.74049079191725
91,repVelocityMps,0
91,repCount,3
91,motionIntensityG,0.06610262859928935
91,activeEnergyKcal,3.958554734438065
91,heartRateBpm,118.86154255922872
92,repVelocityMps,0
92,repCount,3
92,motionIntensityG,0.11345931933781997
92,activeEnergyKcal,4.023943362014015
92,heartRateBpm,120.41419953665688
93,repVelocityMps,0
93,repCount,3
93,motionIntensityG,0.10264168101873974
93,activeEnergyKcal,4.089330318674309
93,heartRateBpm,120.41708611746132
94,repVelocityMps,0
94,repCount,3
94,motionIntensityG,0.07195971998439601
94,activeEnergyKcal,4.154715604418945
94,heartRateBpm,122.93970758710768
95,repVelocityMps,0
95,repCount,3
95,motionIntensityG,0.058240463334674836
95,activeEnergyKcal,4.220099219247922
95,heartRateBpm,125.13228784247859
96,repVelocityMps,0
96,repCount,3
96,motionIntensityG,0.10085847768344319
96,activeEnergyKcal,4.285481163161243
96,heartRateBpm,125.15726875653607
97,repVelocityMps,0
97,repCount,3
97,motionIntensityG,0.054946749354013225
97,activeEnergyKcal,4.3508614361589055
97,heartRateBpm,127.54902932182371
98,repVelocityMps,0
98,repCount,3
98,motionIntensityG,0.09605930677009851
98,activeEnergyKcal,4.416240038240911
98,heartRateBpm,129.74926781492982
99,repVelocityMps,0
99,repCount,3
99,motionIntensityG,0.05783582382236681
99,activeEnergyKcal,4.481616969407259
99,heartRateBpm,132.4456251387361
100,repVelocityMps,0
100,repCount,3
100,motionIntensityG,0.06645041796189516
100,activeEnergyKcal,4.54699222965795
100,heartRateBpm,133.67118180618183
101,repVelocityMps,0
101,repCount,3
101,motionIntensityG,0.1324055776205236
101,activeEnergyKcal,4.612365818992983
101,heartRateBpm,135.0271674060198
102,repVelocityMps,0
102,repCount,3
102,motionIntensityG,0.06353889886475822
102,activeEnergyKcal,4.677737737412358
102,heartRateBpm,133.33123704954212
103,repVelocityMps,0
103,repCount,3
103,motionIntensityG,0.08353769027488506
103,activeEnergyKcal,4.743107984916076
103,heartRateBpm,135.20944398951917
104,repVelocityMps,0
104,repCount,3
104,motionIntensityG,0.08697849302376644
104,activeEnergyKcal,4.808476561504136
104,heartRateBpm,136.4391909321959
105,repVelocityMps,0
105,repCount,3
105,motionIntensityG,0.09678846947174774
105,activeEnergyKcal,4.873843467176539
105,heartRateBpm,140.1525469841743
106,repVelocityMps,0
106,repCount,3
106,motionIntensityG,0.06870749649992956
106,activeEnergyKcal,4.939208701933285
106,heartRateBpm,141.2981833642776
107,repVelocityMps,0
107,repCount,3
107,motionIntensityG,0.05283806615750303
107,activeEnergyKcal,5.004572265774373
107,heartRateBpm,141.9713280828824
108,repVelocityMps,0
108,repCount,3
108,motionIntensityG,0.05547558376543917
108,activeEnergyKcal,5.069934158699803
108,heartRateBpm,143.80886150340604
109,repVelocityMps,0
109,repCount,3
109,motionIntensityG,0.08706016811216782
109,activeEnergyKcal,5.135294380709575
109,heartRateBpm,143.57020871646944
110,repVelocityMps,0
110,repCount,3
110,motionIntensityG,0.07971614376687532
110,activeEnergyKcal,5.20065293180369
110,heartRateBpm,145.3750943676187
111,repVelocityMps,0
111,repCount,3
111,motionIntensityG,0.09516749090229366
111,activeEnergyKcal,5.266009811982148
111,heartRateBpm,147.19255187760984
112,repVelocityMps,0
112,repCount,3
112,motionIntensityG,0.10255082006301791
112,activeEnergyKcal,5.331365021244948
112,heartRateBpm,147.50998354706167
113,repVelocityMps,0
113,repCount,3
113,motionIntensityG,0.0852861237590672
113,activeEnergyKcal,5.396718559592091
113,heartRateBpm,146.41274974204194
114,repVelocityMps,0
114,repCount,3
114,motionIntensityG,0.056780529497903284
114,activeEnergyKcal,5.462070427023576
114,heartRateBpm,145.93487396325926
115,repVelocityMps,0
115,repCount,3
115,motionIntensityG,0.07543895198368672
115,activeEnergyKcal,5.527420623539403
115,heartRateBpm,148.98392922026758
116,repVelocityMps,0
116,repCount,3
116,motionIntensityG,0.08126605786950149
116,activeEnergyKcal,5.592769149139573
116,heartRateBpm,148.48461434608427
117,repVelocityMps,0
117,repCount,3
117,motionIntensityG,0.08870688620507466
117,activeEnergyKcal,5.658116003824086
117,heartRateBpm,153.91074452641237
118,repVelocityMps,0
118,repCount,3
118,motionIntensityG,0.06978412905438637
118,activeEnergyKcal,5.723461187592941
118,heartRateBpm,151.4205977281665
119,repVelocityMps,0
119,repCount,3
119,motionIntensityG,0.08931230476163472
119,activeEnergyKcal,5.788804700446138
119,heartRateBpm,148.51283533960927
120,repVelocityMps,0
120,repCount,3
120,motionIntensityG,0.06363583076594409
120,activeEnergyKcal,5.8541465423836785
120,heartRateBpm,148.71978630645177
121,repVelocityMps,0
121,repCount,3
121,motionIntensityG,0.0625178066437203
121,activeEnergyKcal,5.91948671340556
121,heartRateBpm,148.85530465410014
122,repVelocityMps,0
122,repCount,3
122,motionIntensityG,0.07818615283276488
122,activeEnergyKcal,5.984825213511785
122,heartRateBpm,150.00442527983037
123,repVelocityMps,0
123,repCount,3
123,motionIntensityG,0.058662495925858246
123,activeEnergyKcal,6.050162042702352
123,heartRateBpm,152.39310101644492
124,repVelocityMps,0
124,repCount,3
124,motionIntensityG,0.07664478530380095
124,activeEnergyKcal,6.115497200977262
124,heartRateBpm,152.13435269205613
125,repVelocityMps,0
125,repCount,3
125,motionIntensityG,0.08086938574297896
125,activeEnergyKcal,6.180830688336514
125,heartRateBpm,154.2478973881371
126,repVelocityMps,0
126,repCount,3
126,motionIntensityG,0.10308664345326614
126,activeEnergyKcal,6.246162504780109
126,heartRateBpm,153.83286090048338
127,repVelocityMps,0
127,repCount,3
127,motionIntensityG,0.07998853385417441
127,activeEnergyKcal,6.311492650308046
127,heartRateBpm,152.49470242976034
128,repVelocityMps,0
128,repCount,3
128,motionIntensityG,0.04932689001136732
128,activeEnergyKcal,6.376821124920325
128,heartRateBpm,153.1751052716881
129,repVelocityMps,0
129,repCount,3
129,motionIntensityG,0.07527278362914815
129,activeEnergyKcal,6.442147928616947
129,heartRateBpm,154.12288193234895
130,repVelocityMps,0.5613623364985698
130,repCount,1
130,motionIntensityG,1.5284967311761013
130,activeEnergyKcal,6.507473061397912
130,heartRateBpm,152.88605251917372
131,repVelocityMps,0.08420435047478547
131,repCount,1
131,motionIntensityG,0.6014788444444444
131,activeEnergyKcal,6.572796523263219
131,heartRateBpm,152.44150817421863
132,repVelocityMps,0.3934038403638075
132,repCount,2
132,motionIntensityG,1.3174218073105712
132,activeEnergyKcal,6.638118314212869
132,heartRateBpm,153.82369381837117
133,repVelocityMps,0
133,repCount,2
133,motionIntensityG,0.06395782904317691
133,activeEnergyKcal,6.703438434246861
133,heartRateBpm,153.4368312839583
134,repVelocityMps,0
134,repCount,2
134,motionIntensityG,0.05583419518666313
134,activeEnergyKcal,6.768756883365195
134,heartRateBpm,153.2669951432413
135,repVelocityMps,0
135,repCount,2
135,motionIntensityG,0.09104972146273826
135,activeEnergyKcal,6.834073661567872
135,heartRateBpm,155.71458985393662
136,repVelocityMps,0
136,repCount,2
136,motionIntensityG,0.06951213511272657
136,activeEnergyKcal,6.899388768854891
136,heartRateBpm,156.4671543905819
137,repVelocityMps,0
137,repCount,2
137,motionIntensityG,0.09100916846084245
137,activeEnergyKcal,6.964702205226253
137,heartRateBpm,155.68474507629304
138,repVelocityMps,0
138,repCount,2
138,motionIntensityG,0.09056683922942886
138,activeEnergyKcal,7.030013970681957
138,heartRateBpm,155.00250601183862
139,repVelocityMps,0
139,repCount,2
139,motionIntensityG,0.08025549608707053
139,activeEnergyKcal,7.095324065222004
139,heartRateBpm,156.23887954249082
140,repVelocityMps,0
140,repCount,2
140,motionIntensityG,0.11110015653946101
140,activeEnergyKcal,7.160632488846393
140,heartRateBpm,156.41208186688013
141,repVelocityMps,0
141,repCount,2
141,motionIntensityG,0.08917417698568249
141,activeEnergyKcal,7.225939241555125
141,heartRateBpm,157.511899931661
142,repVelocityMps,0
142,repCount,2
142,motionIntensityG,0.07566091609387043
142,activeEnergyKcal,7.291244323348199
142,heartRateBpm,156.6684103701778
143,repVelocityMps,0
143,repCount,2
143,motionIntensityG,0.08844159528168191
143,activeEnergyKcal,7.356547734225615
143,heartRateBpm,156.12684312462613
144,repVelocityMps,0
144,repCount,2
144,motionIntensityG,0.06365071338038707
144,activeEnergyKcal,7.421849474187375
144,heartRateBpm,158.46838745410446
145,repVelocityMps,0
145,repCount,2
145,motionIntensityG,0.06188653356648378
145,activeEnergyKcal,7.4871495432334765
145,heartRateBpm,158.23452785313822
146,repVelocityMps,0
146,repCount,2
146,motionIntensityG,0.059469411146431714
146,activeEnergyKcal,7.552447941363921
146,heartRateBpm,159.16241043679543
147,repVelocityMps,0
147,repCount,2
147,motionIntensityG,0.10675152465642004
147,activeEnergyKcal,7.617744668578707
147,heartRateBpm,159.41934033584192
148,repVelocityMps,0
148,repCount,2
148,motionIntensityG,0.11687748129852933
148,activeEnergyKcal,7.683039724877836
148,heartRateBpm,157.97269528025888
149,repVelocityMps,0
149,repCount,2
149,motionIntensityG,0.058409282193387535
149,activeEnergyKcal,7.748333110261307
149,heartRateBpm,157.13859064854134
150,repVelocityMps,0
150,repCount,2
150,motionIntensityG,0.06509965556372664
150,activeEnergyKcal,7.813624824729121
150,heartRateBpm,159.3065658152227
151,repVelocityMps,0
151,repCount,2
151,motionIntensityG,0.10478427649902358
151,activeEnergyKcal,7.878914868281278
151,heartRateBpm,159.5072559151635
152,repVelocityMps,0
152,repCount,2
152,motionIntensityG,0.0862731326584074
152,activeEnergyKcal,7.944203240917777
152,heartRateBpm,159.4352331974325
153,repVelocityMps,0
153,repCount,2
153,motionIntensityG,0.09392807617988312
153,activeEnergyKcal,8.009489942638618
153,heartRateBpm,159.06113357250194
154,repVelocityMps,0
154,repCount,2
154,motionIntensityG,0.07546153375569259
154,activeEnergyKcal,8.074774973443802
154,heartRateBpm,160.70791534986265
155,repVelocityMps,0
155,repCount,2
155,motionIntensityG,0.04401976292371286
155,activeEnergyKcal,8.140058333333329
155,heartRateBpm,162.67684379891404
156,repVelocityMps,0
156,repCount,2
156,motionIntensityG,0.08054384647116636
156,activeEnergyKcal,8.205340022307198
156,heartRateBpm,161.84189736680216
157,repVelocityMps,0
157,repCount,2
157,motionIntensityG,0.08459046493775267
157,activeEnergyKcal,8.270620040365408
157,heartRateBpm,163.66664603495647
158,repVelocityMps,0
158,repCount,2
158,motionIntensityG,0.07094331965151522
158,activeEnergyKcal,8.335898387507962
158,heartRateBpm,164.13861806072453
159,repVelocityMps,0
159,repCount,2
159,motionIntensityG,0.11893730900269778
159,activeEnergyKcal,8.401175063734858
159,heartRateBpm,165.05434717452073
160,repVelocityMps,0
160,repCount,2
160,motionIntensityG,0.11990032108200403
160,activeEnergyKcal,8.466450069046097
160,heartRateBpm,165.80814905778485
161,repVelocityMps,0
161,repCount,2
161,motionIntensityG,0.05100003559994356
161,activeEnergyKcal,8.531723403441678
161,heartRateBpm,165.88694492390735
162,repVelocityMps,0
162,repCount,2
162,motionIntensityG,0.08170419287022584
162,activeEnergyKcal,8.5969950669216
162,heartRateBpm,166.41888321488418
163,repVelocityMps,0
163,repCount,2
163,motionIntensityG,0.10604378465249376
163,activeEnergyKcal,8.662265059485867
163,heartRateBpm,165.72708080004995
164,repVelocityMps,0
164,repCount,2
164,motionIntensityG,0.09931485699072383
164,activeEnergyKcal,8.727533381134474
164,heartRateBpm,165.83894469128728
165,repVelocityMps,0
165,repCount,2
165,motionIntensityG,0.085932020695704
165,activeEnergyKcal,8.792800031867426
165,heartRateBpm,168.81875245782004
166,repVelocityMps,0
166,repCount,2
166,motionIntensityG,0.10887085376489368
166,activeEnergyKcal,8.858065011684719
166,heartRateBpm,169.51073653956524
167,repVelocityMps,0
167,repCount,2
167,motionIntensityG,0.06458957172871242
167,activeEnergyKcal,8.923328320586355
167,heartRateBpm,168.56487302605754
168,repVelocityMps,0
168,repCount,2
168,motionIntensityG,0.06312831775979535
168,activeEnergyKcal,8.988589958572334
168,heartRateBpm,170.82204392787287
169,repVelocityMps,0
169,repCount,2
169,motionIntensityG,0.11955026301220956
169,activeEnergyKcal,9.053849925642654
169,heartRateBpm,171.05984123294587
170,repVelocityMps,0
170,repCount,2
170,motionIntensityG,0.06140839603420656
170,activeEnergyKcal,9.119108221797317
170,heartRateBpm,171.42337715379847
171,repVelocityMps,0
171,repCount,2
171,motionIntensityG,0.07582101697018812
171,activeEnergyKcal,9.184364847036322
171,heartRateBpm,170.22151174478452
172,repVelocityMps,0
172,repCount,2
172,motionIntensityG,0.09341080279236963
172,activeEnergyKcal,9.249619801359671
172,heartRateBpm,168.41623977506808
173,repVelocityMps,0
173,repCount,2
173,motionIntensityG,0.042120955929851475
173,activeEnergyKcal,9.314873084767362
173,heartRateBpm,167.92654325576692
174,repVelocityMps,0
174,repCount,2
174,motionIntensityG,0.08364459428926348
174,activeEnergyKcal,9.380124697259395
174,heartRateBpm,167.2231887875453
175,repVelocityMps,0
175,repCount,2
175,motionIntensityG,0.03679073011036261
175,activeEnergyKcal,9.445374638835771
175,heartRateBpm,168.81655551055528
176,repVelocityMps,0
176,repCount,2
176,motionIntensityG,0.07253469892003157
176,activeEnergyKcal,9.510622909496488
176,heartRateBpm,168.90110830560334
177,repVelocityMps,0
177,repCount,2
177,motionIntensityG,0.12476034480199581
177,activeEnergyKcal,9.57586950924155
177,heartRateBpm,168.47479391858406
178,repVelocityMps,0
178,repCount,2
178,motionIntensityG,0.058054447892003314
178,activeEnergyKcal,9.641114438070952
178,heartRateBpm,167.75328591242317
179,repVelocityMps,0
179,repCount,2
179,motionIntensityG,0.08928265826670982
179,activeEnergyKcal,9.706357695984698
179,heartRateBpm,168.4690690829928
180,repVelocityMps,0
180,repCount,2
180,motionIntensityG,0.07540732967151462
180,activeEnergyKcal,9.771599282982786
180,heartRateBpm,170.56837157195355
181,repVelocityMps,0
181,repCount,2
181,motionIntensityG,0.06420348251718916
181,activeEnergyKcal,9.836839199065217
181,heartRateBpm,169.4319740178555
182,repVelocityMps,0
182,repCount,2
182,motionIntensityG,0.07218377149490174
182,activeEnergyKcal,9.90207744423199
182,heartRateBpm,169.95343551989072
183,repVelocityMps,0
183,repCount,2
183,motionIntensityG,0.07884882276995386
183,activeEnergyKcal,9.967314018483105
183,heartRateBpm,169.11405797627216
184,repVelocityMps,0
184,repCount,2
184,motionIntensityG,0.06928175835943651
184,activeEnergyKcal,10.032548921818563
184,heartRateBpm,167.91770890952014
185,repVelocityMps,0
185,repCount,2
185,motionIntensityG,0.10146398942204729
185,activeEnergyKcal,10.097782154238363
185,heartRateBpm,166.76617337459294
186,repVelocityMps,0
186,repCount,2
186,motionIntensityG,0.062207350807174294
186,activeEnergyKcal,10.163013715742506
186,heartRateBpm,167.51826594307698
187,repVelocityMps,0
187,repCount,2
187,motionIntensityG,0.09987783580326594
187,activeEnergyKcal,10.228243606330992
187,heartRateBpm,167.71570036102662
188,repVelocityMps,0
188,repCount,2
188,motionIntensityG,0.09581182071905706
188,activeEnergyKcal,10.293471826003818
188,heartRateBpm,167.56601598524873
189,repVelocityMps,0
189,repCount,2
189,motionIntensityG,0.09025942484557592
189,activeEnergyKcal,10.358698374760989
189,heartRateBpm,169.40160113267117
190,repVelocityMps,0
190,repCount,2
190,motionIntensityG,0.07898144088321231
190,activeEnergyKcal,10.423923252602501
190,heartRateBpm,169.47695907810348
191,repVelocityMps,0
191,repCount,2
191,motionIntensityG,0.07040977202580176
191,activeEnergyKcal,10.489146459528357
191,heartRateBpm,169.14270483819135
192,repVelocityMps,0
192,repCount,2
192,motionIntensityG,0.105094896214308
192,activeEnergyKcal,10.554367995538554
192,heartRateBpm,167.8205749235789
193,repVelocityMps,0
193,repCount,2
193,motionIntensityG,0.09974685849357112
193,activeEnergyKcal,10.619587860633095
193,heartRateBpm,167.45423551079384
194,repVelocityMps,0
194,repCount,2
194,motionIntensityG,0.11148706378713027
194,activeEnergyKcal,10.684806054811977
194,heartRateBpm,169.21542929875162
195,repVelocityMps,0
195,repCount,2
195,motionIntensityG,0.10192351714643318
195,activeEnergyKcal,10.750022578075201
195,heartRateBpm,169.8710846535863
196,repVelocityMps,0
196,repCount,2
196,motionIntensityG,0.06210034841656662
196,activeEnergyKcal,10.81523743042277
196,heartRateBpm,168.51120002514097
197,repVelocityMps,0
197,repCount,2
197,motionIntensityG,0.08506835320947626
197,activeEnergyKcal,10.880450611854679
197,heartRateBpm,169.98040420890712
198,repVelocityMps,0
198,repCount,2
198,motionIntensityG,0.11184502867625624
198,activeEnergyKcal,10.945662122370932
198,heartRateBpm,168.86535680585644
199,repVelocityMps,0
199,repCount,2
199,motionIntensityG,0.08034294021305387
199,activeEnergyKcal,11.010871961971526
199,heartRateBpm,168.58861709378033
200,repVelocityMps,0
200,repCount,2
200,motionIntensityG,0.08937309882683499
200,activeEnergyKcal,11.076080130656464
200,heartRateBpm,169.25334838090004
201,repVelocityMps,0
201,repCount,2
201,motionIntensityG,0.04694765978233767
201,activeEnergyKcal,11.141286628425744
201,heartRateBpm,168.55724888176877
202,repVelocityMps,0
202,repCount,2
202,motionIntensityG,0.05635990453175602
202,activeEnergyKcal,11.206491455279366
202,heartRateBpm,167.4882164558552
203,repVelocityMps,0
203,repCount,2
203,motionIntensityG,0.08646494870223695
203,activeEnergyKcal,11.271694611217331
203,heartRateBpm,166.92723093633404
204,repVelocityMps,0
204,repCount,2
204,motionIntensityG,0.1062028494833673
204,activeEnergyKcal,11.336896096239638
204,heartRateBpm,167.92070610586555
205,repVelocityMps,0
205,repCount,2
205,motionIntensityG,0.1114422222778689
205,activeEnergyKcal,11.402095910346288
205,heartRateBpm,165.5883503078319
206,repVelocityMps,0
206,repCount,2
206,motionIntensityG,0.08219499792385936
206,activeEnergyKcal,11.46729405353728
206,heartRateBpm,167.12986616726624
207,repVelocityMps,0
207,repCount,2
207,motionIntensityG,0.0917389324736132
207,activeEnergyKcal,11.532490525812614
207,heartRateBpm,166.25696841285142
208,repVelocityMps,0
208,repCount,2
208,motionIntensityG,0.06634586103940654
208,activeEnergyKcal,11.597685327172291
208,heartRateBpm,168.75576843105617
209,repVelocityMps,0
209,repCount,2
209,motionIntensityG,0.06724557402636477
209,activeEnergyKcal,11.66287845761631
209,heartRateBpm,168.55422583624937
210,repVelocityMps,0
210,repCount,2
210,motionIntensityG,0.07834316663830425
210,activeEnergyKcal,11.728069917144673
210,heartRateBpm,168.18915674200997
211,repVelocityMps,0
211,repCount,2
211,motionIntensityG,0.07752868827273765
211,activeEnergyKcal,11.793259705757377
211,heartRateBpm,168.05296557719714
212,repVelocityMps,0
212,repCount,2
212,motionIntensityG,0.03255321173670203
212,activeEnergyKcal,11.858447823454425
212,heartRateBpm,167.8059968192081
213,repVelocityMps,0
213,repCount,2
213,motionIntensityG,0.07915174717115463
213,activeEnergyKcal,11.923634270235814
213,heartRateBpm,167.80224011738784
214,repVelocityMps,0
214,repCount,2
214,motionIntensityG,0.06574062159409648
214,activeEnergyKcal,11.988819046101545
214,heartRateBpm,168.0130818433036
215,repVelocityMps,0
215,repCount,2
215,motionIntensityG,0.07984195715157606
215,activeEnergyKcal,12.05400215105162
215,heartRateBpm,167.29322657220393
216,repVelocityMps,0
216,repCount,2
216,motionIntensityG,0.07111906263526069
216,activeEnergyKcal,12.119183585086036
216,heartRateBpm,168.28074122738255
217,repVelocityMps,0
217,repCount,2
217,motionIntensityG,0.045892156214390856
217,activeEnergyKcal,12.184363348204796
217,heartRateBpm,168.08798400886582
218,repVelocityMps,0
218,repCount,2
218,motionIntensityG,0.08317303769974714
218,activeEnergyKcal,12.249541440407897
218,heartRateBpm,168.13358275275039
219,repVelocityMps,0
219,repCount,2
219,motionIntensityG,0.09450680100305263
219,activeEnergyKcal,12.314717861695343
219,heartRateBpm,168.0740066736522
220,repVelocityMps,0
220,repCount,2
220,motionIntensityG,0.10388387872452175
220,activeEnergyKcal,12.37989261206713
220,heartRateBpm,168.66805063839743
221,repVelocityMps,0
221,repCount,2
221,motionIntensityG,0.04711808765117735
221,activeEnergyKcal,12.445065691523258
221,heartRateBpm,168.9841509913963
222,repVelocityMps,0
222,repCount,2
222,motionIntensityG,0.07599646358228786
222,activeEnergyKcal,12.51023710006373
222,heartRateBpm,168.9852362552549
223,repVelocityMps,0
223,repCount,2
223,motionIntensityG,0.08384185076273543
223,activeEnergyKcal,12.575406837688544
223,heartRateBpm,169.18089354504917
224,repVelocityMps,0
224,repCount,2
224,motionIntensityG,0.07348891700396172
224,activeEnergyKcal,12.6405749043977
224,heartRateBpm,169.5300405020425
225,repVelocityMps,0
225,repCount,2
225,motionIntensityG,0.0917671135882984
225,activeEnergyKcal,12.7057413001912
225,heartRateBpm,170.18007588177886
226,repVelocityMps,0
226,repCount,2
226,motionIntensityG,0.09119624099732195
226,activeEnergyKcal,12.77090602506904
226,heartRateBpm,171.3728234914262
227,repVelocityMps,0
227,repCount,2
227,motionIntensityG,0.05229381334010533
227,activeEnergyKcal,12.836069079031224
227,heartRateBpm,169.20314229711758
228,repVelocityMps,0
228,repCount,2
228,motionIntensityG,0.09787353460696695
228,activeEnergyKcal,12.90123046207775
228,heartRateBpm,169.55523513471076
229,repVelocityMps,0
229,repCount,2
229,motionIntensityG,0.05279887087730889
229,activeEnergyKcal,12.96639017420862
229,heartRateBpm,171.5754005523102
230,repVelocityMps,0
230,repCount,2
230,motionIntensityG,0.0676497794170889
230,activeEnergyKcal,13.03154821542383
230,heartRateBpm,169.8902187559958
231,repVelocityMps,0
231,repCount,2
231,motionIntensityG,0.10062882085519861
231,activeEnergyKcal,13.096704585723385
231,heartRateBpm,168.5726813842406
232,repVelocityMps,0
232,repCount,2
232,motionIntensityG,0.10526413648969866
232,activeEnergyKcal,13.161859285107282
232,heartRateBpm,168.18638380978246
233,repVelocityMps,0
233,repCount,2
233,motionIntensityG,0.08657445905828057
233,activeEnergyKcal,13.22701231357552
233,heartRateBpm,169.6735253934108
234,repVelocityMps,0
234,repCount,2
234,motionIntensityG,0.05844697603283542
234,activeEnergyKcal,13.292163671128101
234,heartRateBpm,168.62755279642
235,repVelocityMps,0
235,repCount,2
235,motionIntensityG,0.1196994309362778
235,activeEnergyKcal,13.357313357765024
235,heartRateBpm,166.0400028001983
236,repVelocityMps,0
236,repCount,2
236,motionIntensityG,0.0858600916141443
236,activeEnergyKcal,13.422461373486291
236,heartRateBpm,166.5822412879109
237,repVelocityMps,0
237,repCount,2
237,motionIntensityG,0.11022742712587867
237,activeEnergyKcal,13.4876077182919
237,heartRateBpm,165.81800763923195
238,repVelocityMps,0
238,repCount,2
238,motionIntensityG,0.06252571386194686
238,activeEnergyKcal,13.552752392181851
238,heartRateBpm,165.36744703828407
239,repVelocityMps,0
239,repCount,2
239,motionIntensityG,0.04692746626949871
239,activeEnergyKcal,13.617895395156145
239,heartRateBpm,164.66377230866016
240,repVelocityMps,0
240,repCount,2
240,motionIntensityG,0.040023543351537696
240,activeEnergyKcal,13.68303672721478
240,heartRateBpm,163.52511629105828
241,repVelocityMps,0
241,repCount,2
241,motionIntensityG,0.081353769119982
241,activeEnergyKcal,13.74817638835776
241,heartRateBpm,163.9684844907061
242,repVelocityMps,0
242,repCount,2
242,motionIntensityG,0.07346685854396973
242,activeEnergyKcal,13.81331437858508
242,heartRateBpm,165.0890857893182
243,repVelocityMps,0
243,repCount,2
243,motionIntensityG,0.09598731280661546
243,activeEnergyKcal,13.878450697896744
243,heartRateBpm,166.64173536433495
244,repVelocityMps,0
244,repCount,2
244,motionIntensityG,0.08321422018054508
244,activeEnergyKcal,13.94358534629275
244,heartRateBpm,166.99785234655783
245,repVelocityMps,0
245,repCount,2
245,motionIntensityG,0.06504668821555076
245,activeEnergyKcal,14.008718323773099
245,heartRateBpm,165.9526284247884
246,repVelocityMps,0
246,repCount,2
246,motionIntensityG,0.08089774827874219
246,activeEnergyKcal,14.07384963033779
246,heartRateBpm,165.42982766902804
247,repVelocityMps,0
247,repCount,2
247,motionIntensityG,0.10648566763244428
247,activeEnergyKcal,14.138979265986823
247,heartRateBpm,165.19432947359277
248,repVelocityMps,0
248,repCount,2
248,motionIntensityG,0.0745341502870204
248,activeEnergyKcal,14.204107230720199
248,heartRateBpm,165.35343733955648
249,repVelocityMps,0
249,repCount,2
249,motionIntensityG,0.10646964539543784
249,activeEnergyKcal,14.269233524537917
249,heartRateBpm,166.46635731440566
250,repVelocityMps,0
250,repCount,2
250,motionIntensityG,0.09975714134749636
250,activeEnergyKcal,14.334358147439978
250,heartRateBpm,166.64108797611385
251,repVelocityMps,0
251,repCount,2
251,motionIntensityG,0.07499268666907383
251,activeEnergyKcal,14.399481099426382
251,heartRateBpm,168.47732844856114
252,repVelocityMps,0
252,repCount,2
252,motionIntensityG,0.12393087709687886
252,activeEnergyKcal,14.464602380497126
252,heartRateBpm,169.1045329982776
253,repVelocityMps,0.5567864808857168
253,repCount,1
253,motionIntensityG,1.469246811787713
253,activeEnergyKcal,14.529721990652215
253,heartRateBpm,167.9005873905819
254,repVelocityMps,0
254,repCount,1
254,motionIntensityG,0.08522121896488917
254,activeEnergyKcal,14.594839929891645
254,heartRateBpm,168.869701812795
255,repVelocityMps,0
255,repCount,1
255,motionIntensityG,0.07484279063052154
255,activeEnergyKcal,14.659956198215419
255,heartRateBpm,168.23320073851588
256,repVelocityMps,0
256,repCount,1
256,motionIntensityG,0.12791384278557014
256,activeEnergyKcal,14.725070795623534
256,heartRateBpm,168.20992991111072
257,repVelocityMps,0
257,repCount,1
257,motionIntensityG,0.06939224508172423
257,activeEnergyKcal,14.790183722115993
257,heartRateBpm,169.19422417755425
258,repVelocityMps,0
258,repCount,1
258,motionIntensityG,0.09512758694384177
258,activeEnergyKcal,14.855294977692793
258,heartRateBpm,167.98967948768004
259,repVelocityMps,0
259,repCount,1
259,motionIntensityG,0.12426116396853981
259,activeEnergyKcal,14.920404562353935
259,heartRateBpm,166.75347210677361
260,repVelocityMps,0
260,repCount,1
260,motionIntensityG,0.12393316147141459
260,activeEnergyKcal,14.985512476099421
260,heartRateBpm,168.07316968875844
261,repVelocityMps,0
261,repCount,1
261,motionIntensityG,0.08687575006036301
261,activeEnergyKcal,15.050618718929249
261,heartRateBpm,167.97039559495235
262,repVelocityMps,0
262,repCount,1
262,motionIntensityG,0.0443826617182048
262,activeEnergyKcal,15.11572329084342
262,heartRateBpm,168.2136510397339
263,repVelocityMps,0
263,repCount,1
263,motionIntensityG,0.12185622648242928
263,activeEnergyKcal,15.180826191841932
263,heartRateBpm,168.07265283366735
264,repVelocityMps,0
264,repCount,1
264,motionIntensityG,0.05746296206994608
264,activeEnergyKcal,15.245927421924788
264,heartRateBpm,169.51305595119646
265,repVelocityMps,0
265,repCount,1
265,motionIntensityG,0.111862248262763
265,activeEnergyKcal,15.311026981091986
265,heartRateBpm,170.4096134734039
266,repVelocityMps,0
266,repCount,1
266,motionIntensityG,0.06994796342612514
266,activeEnergyKcal,15.376124869343526
266,heartRateBpm,170.20441263658344
267,repVelocityMps,0
267,repCount,1
267,motionIntensityG,0.07432239968527984
267,activeEnergyKcal,15.441221086679409
267,heartRateBpm,171.1735784625367
268,repVelocityMps,0
268,repCount,1
268,motionIntensityG,0.0570285973267976
268,activeEnergyKcal,15.506315633099634
268,heartRateBpm,171.46436533915283
269,repVelocityMps,0
269,repCount,1
269,motionIntensityG,0.08040344468086377
269,activeEnergyKcal,15.571408508604202
269,heartRateBpm,170.50285009804352
270,repVelocityMps,0
270,repCount,1
270,motionIntensityG,0.09349872562758436
270,activeEnergyKcal,15.636499713193112
270,heartRateBpm,172.0818314315086
271,repVelocityMps,0
271,repCount,1
271,motionIntensityG,0.07894431083725967
271,activeEnergyKcal,15.701589246866364
271,heartRateBpm,173.52407933591056
272,repVelocityMps,0
272,repCount,1
272,motionIntensityG,0.08468213183095262
272,activeEnergyKcal,15.76667710962396
272,heartRateBpm,172.7180427116163
273,repVelocityMps,0
273,repCount,1
273,motionIntensityG,0.08106468096591947
273,activeEnergyKcal,15.831763301465896
273,heartRateBpm,172.05041620387533
274,repVelocityMps,0
274,repCount,1
274,motionIntensityG,0.10863448369413473
274,activeEnergyKcal,15.896847822392177
274,heartRateBpm,172.60770269696872
275,repVelocityMps,0
275,repCount,1
275,motionIntensityG,0.0948384754070022
275,activeEnergyKcal,15.961930672402799
275,heartRateBpm,172.34791910270692
276,repVelocityMps,0
276,repCount,1
276,motionIntensityG,0.04266230956735632
276,activeEnergyKcal,16.027011851497765
276,heartRateBpm,171.52215785476466
277,repVelocityMps,0
277,repCount,1
277,motionIntensityG,0.07273916806825083
277,activeEnergyKcal,16.092091359677074
277,heartRateBpm,173.97163264486662
278,repVelocityMps,0
278,repCount,1
278,motionIntensityG,0.07103047949876203
278,activeEnergyKcal,16.157169196940725
278,heartRateBpm,172.5829120562502
279,repVelocityMps,0
279,repCount,1
279,motionIntensityG,0.10208265916315261
279,activeEnergyKcal,16.222245363288717
279,heartRateBpm,175.18205816676115
280,repVelocityMps,0
280,repCount,1
280,motionIntensityG,0.06818347781597867
280,activeEnergyKcal,16.28731985872105
280,heartRateBpm,177.20861573417312
281,repVelocityMps,0
281,repCount,1
281,motionIntensityG,0.05947760552643217
281,activeEnergyKcal,16.352392683237728
281,heartRateBpm,176.81426328898633
282,repVelocityMps,0
282,repCount,1
282,motionIntensityG,0.08145897252949798
282,activeEnergyKcal,16.41746383683875
282,heartRateBpm,175.9235584966502
283,repVelocityMps,0
283,repCount,1
283,motionIntensityG,0.05230275918331999
283,activeEnergyKcal,16.482533319524112
283,heartRateBpm,175.02495108591236
284,repVelocityMps,0
284,repCount,1
284,motionIntensityG,0.08707540854731005
284,activeEnergyKcal,16.547601131293817
284,heartRateBpm,175.38707959591872
285,repVelocityMps,0
285,repCount,1
285,motionIntensityG,0.1137414481199815
285,activeEnergyKcal,16.612667272147863
285,heartRateBpm,176.6183155958793
286,repVelocityMps,0
286,repCount,1
286,motionIntensityG,0.06780722153963219
286,activeEnergyKcal,16.67773174208625
286,heartRateBpm,177.33727678416204
287,repVelocityMps,0
287,repCount,1
287,motionIntensityG,0.08183522334539256
287,activeEnergyKcal,16.742794541108985
287,heartRateBpm,177.7542136350859
288,repVelocityMps,0
288,repCount,1
288,motionIntensityG,0.0827357223243956
288,activeEnergyKcal,16.80785566921606
288,heartRateBpm,178.87161472591566
289,repVelocityMps,0
289,repCount,1
289,motionIntensityG,0.08408683637029832
289,activeEnergyKcal,16.872915126407477
289,heartRateBpm,178.7888451802907
290,repVelocityMps,0
290,repCount,1
290,motionIntensityG,0.11127645648991223
290,activeEnergyKcal,16.937972912683236
290,heartRateBpm,178.16163664178123
291,repVelocityMps,0
291,repCount,1
291,motionIntensityG,0.0964899079937245
291,activeEnergyKcal,17.003029028043336
291,heartRateBpm,178.90732878762645
292,repVelocityMps,0
292,repCount,1
292,motionIntensityG,0.06816803662552058
292,activeEnergyKcal,17.068083472487782
292,heartRateBpm,181.1050854701572
293,repVelocityMps,0
293,repCount,1
293,motionIntensityG,0.10088649866959015
293,activeEnergyKcal,17.13313624601657
293,heartRateBpm,181.44557120141644
294,repVelocityMps,0
294,repCount,1
294,motionIntensityG,0.06576832028839188
294,activeEnergyKcal,17.1981873486297
294,heartRateBpm,180.73458850092027
295,repVelocityMps,0
295,repCount,1
295,motionIntensityG,0.07607696416550079
295,activeEnergyKcal,17.26323678032717
295,heartRateBpm,178.9026544608671
296,repVelocityMps,0
296,repCount,1
296,motionIntensityG,0.09435010863102138
296,activeEnergyKcal,17.328284541108985
296,heartRateBpm,177.41074831127665
297,repVelocityMps,0
297,repCount,1
297,motionIntensityG,0.06024524176026793
297,activeEnergyKcal,17.393330630975143
297,heartRateBpm,176.87923741626724
298,repVelocityMps,0
298,repCount,1
298,motionIntensityG,0.09203415893954295
298,activeEnergyKcal,17.458375049925642
298,heartRateBpm,177.00233556050105
299,repVelocityMps,0
299,repCount,1
299,motionIntensityG,0.13413160321065037
299,activeEnergyKcal,17.523417797960484
299,heartRateBpm,177.08910293984002
300,repVelocityMps,0
300,repCount,1
300,motionIntensityG,0.0740081382787349
300,activeEnergyKcal,17.588458875079667
300,heartRateBpm,177.24764045358788
301,repVelocityMps,0
301,repCount,1
301,motionIntensityG,0.09211979580499555
301,activeEnergyKcal,17.653498281283195
301,heartRateBpm,176.02686743979845
302,repVelocityMps,0
302,repCount,1
302,motionIntensityG,0.0740951421341442
302,activeEnergyKcal,17.718536016571065
302,heartRateBpm,176.40602098896125
303,repVelocityMps,0
303,repCount,1
303,motionIntensityG,0.10072603437691188
303,activeEnergyKcal,17.783572080943276
303,heartRateBpm,176.4657479358246
304,repVelocityMps,0
304,repCount,1
304,motionIntensityG,0.08146912267806738
304,activeEnergyKcal,17.84860647439983
304,heartRateBpm,177.59554228260856
305,repVelocityMps,0
305,repCount,1
305,motionIntensityG,0.07427273731137768
305,activeEnergyKcal,17.913639196940725
305,heartRateBpm,178.1503003357475
306,repVelocityMps,0
306,repCount,1
306,motionIntensityG,0.07498811660554791
306,activeEnergyKcal,17.978670248565965
306,heartRateBpm,179.43761605322464
307,repVelocityMps,0
307,repCount,1
307,motionIntensityG,0.05878973306176428
307,activeEnergyKcal,18.043699629275547
307,heartRateBpm,178.1859202093988
308,repVelocityMps,0
308,repCount,1
308,motionIntensityG,0.11653564894387947
308,activeEnergyKcal,18.10872733906947
308,heartRateBpm,177.02266659253957
309,repVelocityMps,0
309,repCount,1
309,motionIntensityG,0.08962137636889354
309,activeEnergyKcal,18.173753377947737
309,heartRateBpm,177.92846945576937
310,repVelocityMps,0
310,repCount,1
310,motionIntensityG,0.08747836213322206
310,activeEnergyKcal,18.238777745910344
310,heartRateBpm,178.99901743725587
311,repVelocityMps,0
311,repCount,1
311,motionIntensityG,0.0486953539661999
311,activeEnergyKcal,18.303800442957296
311,heartRateBpm,178.9841975462805
312,repVelocityMps,0
312,repCount,1
312,motionIntensityG,0.06709774131846699
312,activeEnergyKcal,18.36882146908859
312,heartRateBpm,180.2273678858225
313,repVelocityMps,0
313,repCount,1
313,motionIntensityG,0.09822426282232279
313,activeEnergyKcal,18.433840824304227
313,heartRateBpm,178.99010325049733
314,repVelocityMps,0
314,repCount,1
314,motionIntensityG,0.08142450326758854
314,activeEnergyKcal,18.498858508604204
314,heartRateBpm,181.0697938430872
315,repVelocityMps,0
315,repCount,1
315,motionIntensityG,0.08545556156555575
315,activeEnergyKcal,18.563874521988527
315,heartRateBpm,178.23823690696216
316,repVelocityMps,0
316,repCount,1
316,motionIntensityG,0.11741813082858349
316,activeEnergyKcal,18.628888864457192
316,heartRateBpm,179.5564395348033
317,repVelocityMps,0
317,repCount,1
317,motionIntensityG,0.06321268465373062
317,activeEnergyKcal,18.6939015360102
317,heartRateBpm,179.4161494504158
318,repVelocityMps,0
318,repCount,1
318,motionIntensityG,0.06561819062739753
318,activeEnergyKcal,18.758912536647546
318,heartRateBpm,178.70479916013085
319,repVelocityMps,0
319,repCount,1
319,motionIntensityG,0.07049700380540987
319,activeEnergyKcal,18.823921866369236
319,heartRateBpm,178.15098478792916
320,repVelocityMps,0
320,repCount,1
320,motionIntensityG,0.07077348544930918
320,activeEnergyKcal,18.88892952517527
320,heartRateBpm,178.14439063905863
321,repVelocityMps,0
321,repCount,1
321,motionIntensityG,0.07890420253282232
321,activeEnergyKcal,18.953935513065648
321,heartRateBpm,179.17478467597894
322,repVelocityMps,0
322,repCount,1
322,motionIntensityG,0.07191365952721006
322,activeEnergyKcal,19.018939830040367
322,heartRateBpm,178.5508540855225
323,repVelocityMps,0
323,repCount,1
323,motionIntensityG,0.0978728618231669
323,activeEnergyKcal,19.083942476099427
323,heartRateBpm,179.59546212165878
324,repVelocityMps,0
324,repCount,1
324,motionIntensityG,0.06926651847993692
324,activeEnergyKcal,19.14894345124283
324,heartRateBpm,180.6104664800569
325,repVelocityMps,0
325,repCount,1
325,motionIntensityG,0.09032815101323267
325,activeEnergyKcal,19.213942755470576
325,heartRateBpm,178.21353518435234
326,repVelocityMps,0
326,repCount,1
326,motionIntensityG,0.09307181351568602
326,activeEnergyKcal,19.278940388782665
326,heartRateBpm,178.57999149461043
327,repVelocityMps,0
327,repCount,1
327,motionIntensityG,0.107780695802431
327,activeEnergyKcal,19.343936351179096
327,heartRateBpm,177.47120568595693
328,repVelocityMps,0
328,repCount,1
328,motionIntensityG,0.1043938341848844
328,activeEnergyKcal,19.40893064265987
328,heartRateBpm,176.20725009701943
329,repVelocityMps,0
329,repCount,1
329,motionIntensityG,0.07460532968315949
329,activeEnergyKcal,19.473923263224982
329,heartRateBpm,176.51412238824759
330,repVelocityMps,0
330,repCount,1
330,motionIntensityG,0.03862518049550272
330,activeEnergyKcal,19.53891421287444
330,heartRateBpm,178.2127470019225
331,repVelocityMps,0
331,repCount,1
331,motionIntensityG,0.07591891671075203
331,activeEnergyKcal,19.603903491608243
331,heartRateBpm,177.78806614765907
332,repVelocityMps,0
332,repCount,1
332,motionIntensityG,0.07718544861492178
332,activeEnergyKcal,19.668891099426386
332,heartRateBpm,176.98875377630242
333,repVelocityMps,0
333,repCount,1
333,motionIntensityG,0.07252518118102896
333,activeEnergyKcal,19.73387703632887
333,heartRateBpm,176.20315243987017
334,repVelocityMps,0
334,repCount,1
334,motionIntensityG,0.0867044880598466
334,activeEnergyKcal,19.7988613023157
334,heartRateBpm,175.39660147262111
335,repVelocityMps,0
335,repCount,1
335,motionIntensityG,0.06652806006483725
335,activeEnergyKcal,19.86384389738687
335,heartRateBpm,174.67821520167817
336,repVelocityMps,0
336,repCount,1
336,motionIntensityG,0.09718624721239605
336,activeEnergyKcal,19.928824821542385
336,heartRateBpm,174.66937067712175
337,repVelocityMps,0
337,repCount,1
337,motionIntensityG,0.07336618378637609
337,activeEnergyKcal,19.99380407478224
337,heartRateBpm,173.98094562795637
338,repVelocityMps,0
338,repCount,1
338,motionIntensityG,0.08813896154155201
338,activeEnergyKcal,20.058781657106437
338,heartRateBpm,172.8661203303714
339,repVelocityMps,0
339,repCount,1
339,motionIntensityG,0.07274356511846469
339,activeEnergyKcal,20.12375756851498
339,heartRateBpm,172.683595035112
340,repVelocityMps,0
340,repCount,1
340,motionIntensityG,0.0677442339478257
340,activeEnergyKcal,20.188731809007862
340,heartRateBpm,171.13842121583747
341,repVelocityMps,0
341,repCount,1
341,motionIntensityG,0.09228969192752304
341,activeEnergyKcal,20.253704378585088
341,heartRateBpm,171.68771633689613
342,repVelocityMps,0
342,repCount,1
342,motionIntensityG,0.13525150408590172
342,activeEnergyKcal,20.318675277246655
342,heartRateBpm,171.6968466144382
343,repVelocityMps,0
343,repCount,1
343,motionIntensityG,0.11489236379817484
343,activeEnergyKcal,20.383644504992564
343,heartRateBpm,173.86839322962692
344,repVelocityMps,0
344,repCount,1
344,motionIntensityG,0.13736719546483123
344,activeEnergyKcal,20.448612061822818
344,heartRateBpm,173.90070117357126
345,repVelocityMps,0
345,repCount,1
345,motionIntensityG,0.09853327306490695
345,activeEnergyKcal,20.513577947737414
345,heartRateBpm,174.6024719392046
346,repVelocityMps,0
346,repCount,1
346,motionIntensityG,0.09269423750192458
346,activeEnergyKcal,20.57854216273635
346,heartRateBpm,174.4360955597707
347,repVelocityMps,0
347,repCount,1
347,motionIntensityG,0.07830117806116825
347,activeEnergyKcal,20.64350470681963
347,heartRateBpm,173.22361714885835
348,repVelocityMps,0
348,repCount,1
348,motionIntensityG,0.07398474845283781
348,activeEnergyKcal,20.70846557998725
348,heartRateBpm,174.047370268458
349,repVelocityMps,0
349,repCount,1
349,motionIntensityG,0.059587686773299786
349,activeEnergyKcal,20.773424782239218
349,heartRateBpm,173.03769989019014
350,repVelocityMps,0
350,repCount,1
350,motionIntensityG,0.09365096425048938
350,activeEnergyKcal,20.838382313575526
350,heartRateBpm,173.7870120749168
351,repVelocityMps,0
351,repCount,1
351,motionIntensityG,0.0662594566928036
351,activeEnergyKcal,20.903338173996175
351,heartRateBpm,175.4184337242533
352,repVelocityMps,0
352,repCount,1
352,motionIntensityG,0.08792162826838461
352,activeEnergyKcal,20.968292363501167
352,heartRateBpm,174.40584910456806
353,repVelocityMps,0
353,repCount,1
353,motionIntensityG,0.04393757241587788
353,activeEnergyKcal,21.033244882090504
353,heartRateBpm,174.81914934388075
354,repVelocityMps,0
354,repCount,1
354,motionIntensityG,0.07602291780755802
354,activeEnergyKcal,21.098195729764182
354,heartRateBpm,173.04815605629133
355,repVelocityMps,0
355,repCount,1
355,motionIntensityG,0.11734682116930253
355,activeEnergyKcal,21.163144906522202
355,heartRateBpm,172.28724991495815
356,repVelocityMps,0
356,repCount,1
356,motionIntensityG,0.07784372168118955
356,activeEnergyKcal,21.228092412364564
356,heartRateBpm,170.3349373414588
357,repVelocityMps,0
357,repCount,1
357,motionIntensityG,0.09084783321603185
357,activeEnergyKcal,21.293038247291268
357,heartRateBpm,168.69168477851142
358,repVelocityMps,0
358,repCount,1
358,motionIntensityG,0.09823221254539696
358,activeEnergyKcal,21.357982411302316
358,heartRateBpm,168.82454805734005
359,repVelocityMps,0
359,repCount,1
359,motionIntensityG,0.0976239492255679
359,activeEnergyKcal,21.422924904397707
359,heartRateBpm,167.9063457095634
360,repVelocityMps,0
360,repCount,1
360,motionIntensityG,0.07126229826483949
360,activeEnergyKcal,21.48786572657744
360,heartRateBpm,169.7454709501504
361,repVelocityMps,0
361,repCount,1
361,motionIntensityG,0.06258392212787876
361,activeEnergyKcal,21.52989736323561
361,heartRateBpm,168.57870553235352
362,repVelocityMps,0
362,repCount,1
362,motionIntensityG,0.09544546367359122
362,activeEnergyKcal,21.549017822126622
362,heartRateBpm,168.3935640450656
363,repVelocityMps,0
363,repCount,1
363,motionIntensityG,0.08132068379135439
363,activeEnergyKcal,21.568138281017635
363,heartRateBpm,166.62165984869935
364,repVelocityMps,0
364,repCount,1
364,motionIntensityG,0.06274063809355196
364,activeEnergyKcal,21.58725873990865
364,heartRateBpm,165.59779343198164
365,repVelocityMps,0
365,repCount,1
365,motionIntensityG,0.07278509978810489
365,activeEnergyKcal,21.60637919879966
365,heartRateBpm,164.35864825627587
366,repVelocityMps,0
366,repCount,1
366,motionIntensityG,0.11422672716382688
366,activeEnergyKcal,21.625499657690675
366,heartRateBpm,162.7604165303348
367,repVelocityMps,0
367,repCount,1
367,motionIntensityG,0.12440426622700654
367,activeEnergyKcal,21.644620116581688
367,heartRateBpm,160.7087470639824
368,repVelocityMps,0
368,repCount,1
368,motionIntensityG,0.08733035098309477
368,activeEnergyKcal,21.6637405754727
368,heartRateBpm,159.97688009561236
369,repVelocityMps,0
369,repCount,1
369,motionIntensityG,0.08898480399941176
369,activeEnergyKcal,21.682861034363714
369,heartRateBpm,157.73033928801505
370,repVelocityMps,0
370,repCount,1
370,motionIntensityG,0.1013135246892771
370,activeEnergyKcal,21.701981493254728
370,heartRateBpm,154.73061218584465
371,repVelocityMps,0
371,repCount,1
371,motionIntensityG,0.10128607983779882
371,activeEnergyKcal,21.72110195214574
371,heartRateBpm,154.42460577199907
372,repVelocityMps,0
372,repCount,1
372,motionIntensityG,0.08495912842911699
372,activeEnergyKcal,21.740222411036754
372,heartRateBpm,152.40987594922106
373,repVelocityMps,0
373,repCount,1
373,motionIntensityG,0.09407903431911861
373,activeEnergyKcal,21.759342869927767
373,heartRateBpm,152.25509435810247
374,repVelocityMps,0
374,repCount,0
374,motionIntensityG,0.08
374,activeEnergyKcal,21.77846332881878
374,heartRateBpm,151.71801465210788
375,repVelocityMps,0
375,repCount,0
375,motionIntensityG,0.08
375,activeEnergyKcal,21.797583787709794
375,heartRateBpm,150.44474924583957
376,repVelocityMps,0
376,repCount,0
376,motionIntensityG,0.08
376,activeEnergyKcal,21.816704246600807
376,heartRateBpm,146.98339750332423
377,repVelocityMps,0
377,repCount,0
377,motionIntensityG,0.08
377,activeEnergyKcal,21.83582470549182
377,heartRateBpm,143.86857952434625
378,repVelocityMps,0
378,repCount,0
378,motionIntensityG,0.08
378,activeEnergyKcal,21.854945164382833
378,heartRateBpm,142.77880434381453
379,repVelocityMps,0
379,repCount,0
379,motionIntensityG,0.08
379,activeEnergyKcal,21.874065623273847
379,heartRateBpm,143.29783774012753
380,repVelocityMps,0
380,repCount,0
380,motionIntensityG,0.08
380,activeEnergyKcal,21.89318608216486
380,heartRateBpm,139.47053568505922
381,repVelocityMps,0
381,repCount,0
381,motionIntensityG,0.08
381,activeEnergyKcal,21.912306541055873
381,heartRateBpm,137.14828084439299
382,repVelocityMps,0
382,repCount,0
382,motionIntensityG,0.08
382,activeEnergyKcal,21.931426999946886
382,heartRateBpm,136.17001805382745
383,repVelocityMps,0
383,repCount,0
383,motionIntensityG,0.08
383,activeEnergyKcal,21.9505474588379
383,heartRateBpm,135.35883190301115
384,repVelocityMps,0
384,repCount,0
384,motionIntensityG,0.08
384,activeEnergyKcal,21.969667917728913
384,heartRateBpm,133.4466666162826
385,repVelocityMps,0
385,repCount,0
385,motionIntensityG,0.08
385,activeEnergyKcal,21.988788376619926
385,heartRateBpm,131.65704311556715
386,repVelocityMps,0
386,repCount,0
386,motionIntensityG,0.08
386,activeEnergyKcal,22.00790883551094
386,heartRateBpm,131.88185812519745
387,repVelocityMps,0
387,repCount,0
387,motionIntensityG,0.08
387,activeEnergyKcal,22.027029294401952
387,heartRateBpm,129.25394620420806
388,repVelocityMps,0
388,repCount,0
388,motionIntensityG,0.08
388,activeEnergyKcal,22.046149753292966
388,heartRateBpm,131.32778224794555
389,repVelocityMps,0
389,repCount,0
389,motionIntensityG,0.08
389,activeEnergyKcal,22.06527021218398
389,heartRateBpm,131.79657299125995
390,repVelocityMps,0
390,repCount,0
390,motionIntensityG,0.08
390,activeEnergyKcal,22.084390671074992
390,heartRateBpm,130.15254254394839
391,repVelocityMps,0
391,repCount,0
391,motionIntensityG,0.08
391,activeEnergyKcal,22.103511129966005
391,heartRateBpm,129.81579837145617
392,repVelocityMps,0
392,repCount,0
392,motionIntensityG,0.08
392,activeEnergyKcal,22.12263158885702
392,heartRateBpm,129.3198729395667
393,repVelocityMps,0
393,repCount,0
393,motionIntensityG,0.08
393,activeEnergyKcal,22.187722150786062
393,heartRateBpm,128.36638099979567
394,repVelocityMps,0
394,repCount,0
394,motionIntensityG,0.08
394,activeEnergyKcal,22.252811041799447
394,heartRateBpm,130.99928432523575
395,repVelocityMps,0
395,repCount,0
395,motionIntensityG,0.08
395,activeEnergyKcal,22.317898261897174
395,heartRateBpm,131.78432231471564
396,repVelocityMps,0
396,repCount,0
396,motionIntensityG,0.08
396,activeEnergyKcal,22.382983811079242
396,heartRateBpm,133.83909215802763
397,repVelocityMps,0
397,repCount,0
397,motionIntensityG,0.08
397,activeEnergyKcal,22.448067689345653
397,heartRateBpm,135.8589478617194
398,repVelocityMps,0
398,repCount,0
398,motionIntensityG,0.08
398,activeEnergyKcal,22.513149896696408
398,heartRateBpm,138.04304457967322
399,repVelocityMps,0
399,repCount,0
399,motionIntensityG,0.08
399,activeEnergyKcal,22.578230433131505
399,heartRateBpm,138.50718344495726
400,repVelocityMps,0
400,repCount,0
400,motionIntensityG,0.08
400,activeEnergyKcal,22.643309298650944
400,heartRateBpm,139.17647067846528
401,repVelocityMps,0
401,repCount,0
401,motionIntensityG,0.08
401,activeEnergyKcal,22.708386493254725
401,heartRateBpm,139.2761244515488
402,repVelocityMps,0
402,repCount,0
402,motionIntensityG,0.08
402,activeEnergyKcal,22.773462016942847
402,heartRateBpm,138.08380935709647
403,repVelocityMps,0
403,repCount,0
403,motionIntensityG,0.08
403,activeEnergyKcal,22.838535869715315
403,heartRateBpm,137.98621711221284
404,repVelocityMps,0
404,repCount,0
404,motionIntensityG,0.08
404,activeEnergyKcal,22.903608051572125
404,heartRateBpm,139.63249338316146
405,repVelocityMps,0
405,repCount,0
405,motionIntensityG,0.08
405,activeEnergyKcal,22.968678562513276
405,heartRateBpm,142.80520524271768
406,repVelocityMps,0
406,repCount,0
406,motionIntensityG,0.08
406,activeEnergyKcal,23.03374740253877
406,heartRateBpm,143.7478804337005
407,repVelocityMps,0
407,repCount,0
407,motionIntensityG,0.08
407,activeEnergyKcal,23.098814571648607
407,heartRateBpm,146.31335947769603
408,repVelocityMps,0
408,repCount,0
408,motionIntensityG,0.08
408,activeEnergyKcal,23.163880069842786
408,heartRateBpm,147.85259216553024
409,repVelocityMps,0
409,repCount,0
409,motionIntensityG,0.08
409,activeEnergyKcal,23.228943897121308
409,heartRateBpm,150.9074431069756
410,repVelocityMps,0
410,repCount,0
410,motionIntensityG,0.08
410,activeEnergyKcal,23.29400605348417
410,heartRateBpm,150.87557318124675
411,repVelocityMps,0
411,repCount,0
411,motionIntensityG,0.08
411,activeEnergyKcal,23.359066538931376
411,heartRateBpm,152.5168342675666
412,repVelocityMps,0
412,repCount,0
412,motionIntensityG,0.08
412,activeEnergyKcal,23.424125353462927
412,heartRateBpm,152.03549178423916
413,repVelocityMps,0
413,repCount,0
413,motionIntensityG,0.08
413,activeEnergyKcal,23.48918249707882
413,heartRateBpm,149.96290450830932
414,repVelocityMps,0
414,repCount,0
414,motionIntensityG,0.08
414,activeEnergyKcal,23.554237969779052
414,heartRateBpm,151.9846941872144
415,repVelocityMps,0
415,repCount,0
415,motionIntensityG,0.08
415,activeEnergyKcal,23.619291771563628
415,heartRateBpm,153.74729173869656
416,repVelocityMps,0
416,repCount,0
416,motionIntensityG,0.08
416,activeEnergyKcal,23.684343902432545
416,heartRateBpm,155.00163936641272
417,repVelocityMps,0
417,repCount,0
417,motionIntensityG,0.08
417,activeEnergyKcal,23.749394362385807
417,heartRateBpm,154.50760806029677
418,repVelocityMps,0
418,repCount,0
418,motionIntensityG,0.08
418,activeEnergyKcal,23.81444315142341
418,heartRateBpm,156.01476578980316
419,repVelocityMps,0
419,repCount,0
419,motionIntensityG,0.08
419,activeEnergyKcal,23.879490269545357
419,heartRateBpm,154.55369854930635
420,repVelocityMps,0
420,repCount,0
420,motionIntensityG,0.08
420,activeEnergyKcal,23.944535716751645
420,heartRateBpm,155.38541821776568
421,repVelocityMps,0
421,repCount,0
421,motionIntensityG,0.08
421,activeEnergyKcal,24.009579493042274
421,heartRateBpm,155.54698530183714
422,repVelocityMps,0
422,repCount,0
422,motionIntensityG,0.08
422,activeEnergyKcal,24.07462159841725
422,heartRateBpm,155.77946655417003
423,repVelocityMps,0
423,repCount,0
423,motionIntensityG,0.08
423,activeEnergyKcal,24.139662032876565
423,heartRateBpm,153.57452128818576
424,repVelocityMps,0
424,repCount,0
424,motionIntensityG,0.08
424,activeEnergyKcal,24.204700796420223
424,heartRateBpm,156.0827925718577
425,repVelocityMps,0
425,repCount,0
425,motionIntensityG,0.08
425,activeEnergyKcal,24.269737889048223
425,heartRateBpm,154.96110250289067
426,repVelocityMps,0
426,repCount,0
426,motionIntensityG,0.08
426,activeEnergyKcal,24.334773310760568
426,heartRateBpm,153.82569601740983
427,repVelocityMps,0
427,repCount,0
427,motionIntensityG,0.08
427,activeEnergyKcal,24.399807061557254
427,heartRateBpm,156.7160212111856
428,repVelocityMps,0
428,repCount,0
428,motionIntensityG,0.08
428,activeEnergyKcal,24.464839141438283
428,heartRateBpm,158.43388599880703
429,repVelocityMps,0
429,repCount,0
429,motionIntensityG,0.08
429,activeEnergyKcal,24.529869550403653
429,heartRateBpm,160.90261991437092
430,repVelocityMps,0
430,repCount,0
430,motionIntensityG,0.08
430,activeEnergyKcal,24.594898288453365
430,heartRateBpm,161.85532055302298
431,repVelocityMps,0
431,repCount,0
431,motionIntensityG,0.08
431,activeEnergyKcal,24.659925355587422
431,heartRateBpm,161.10634998990238
432,repVelocityMps,0
432,repCount,0
432,motionIntensityG,0.08
432,activeEnergyKcal,24.72495075180582
432,heartRateBpm,162.92735768533643
433,repVelocityMps,0
433,repCount,0
433,motionIntensityG,0.08
433,activeEnergyKcal,24.78997447710856
433,heartRateBpm,165.2694741909529
434,repVelocityMps,0
434,repCount,0
434,motionIntensityG,0.08
434,activeEnergyKcal,24.854996531495644
434,heartRateBpm,167.94378533580647
435,repVelocityMps,0
435,repCount,0
435,motionIntensityG,0.08
435,activeEnergyKcal,24.920016914967068
435,heartRateBpm,166.59381997886615
436,repVelocityMps,0
436,repCount,0
436,motionIntensityG,0.08
436,activeEnergyKcal,24.985035627522837
436,heartRateBpm,167.6429224705805
437,repVelocityMps,0
437,repCount,0
437,motionIntensityG,0.08
437,activeEnergyKcal,25.050052669162948
437,heartRateBpm,169.16093969997382
438,repVelocityMps,0
438,repCount,0
438,motionIntensityG,0.08
438,activeEnergyKcal,25.1150680398874
438,heartRateBpm,168.0817358215521
439,repVelocityMps,0
439,repCount,0
439,motionIntensityG,0.08
439,activeEnergyKcal,25.180081739696195
439,heartRateBpm,169.42930905663022
440,repVelocityMps,0
440,repCount,0
440,motionIntensityG,0.08
440,activeEnergyKcal,25.24509376858933
440,heartRateBpm,170.51410390264425
441,repVelocityMps,0
441,repCount,0
441,motionIntensityG,0.08
441,activeEnergyKcal,25.310104126566813
441,heartRateBpm,172.3261946170595
442,repVelocityMps,0
442,repCount,0
442,motionIntensityG,0.08
442,activeEnergyKcal,25.375112813628636
442,heartRateBpm,170.82971254848357
443,repVelocityMps,0
443,repCount,0
443,motionIntensityG,0.08
443,activeEnergyKcal,25.4401198297748
443,heartRateBpm,171.2809659592706
444,repVelocityMps,0
444,repCount,0
444,motionIntensityG,0.08
444,activeEnergyKcal,25.505125175005308
444,heartRateBpm,170.5141766117055
445,repVelocityMps,0
445,repCount,0
445,motionIntensityG,0.08
445,activeEnergyKcal,25.57012884932016
445,heartRateBpm,170.65006067071462
446,repVelocityMps,0
446,repCount,0
446,motionIntensityG,0.08
446,activeEnergyKcal,25.635130852719353
446,heartRateBpm,170.22620019530854
447,repVelocityMps,0
447,repCount,0
447,motionIntensityG,0.08
447,activeEnergyKcal,25.70013118520289
447,heartRateBpm,168.51418317736244
448,repVelocityMps,0
448,repCount,0
448,motionIntensityG,0.08
448,activeEnergyKcal,25.765129846770765
448,heartRateBpm,169.74649062804127
449,repVelocityMps,0
449,repCount,0
449,motionIntensityG,0.08
449,activeEnergyKcal,25.830126837422984
449,heartRateBpm,168.9516232038806
450,repVelocityMps,0
450,repCount,0
450,motionIntensityG,0.08
450,activeEnergyKcal,25.89512215715955
450,heartRateBpm,170.18634944483637
451,repVelocityMps,0
451,repCount,0
451,motionIntensityG,0.08
451,activeEnergyKcal,25.960115805980454
451,heartRateBpm,169.75691467742172
452,repVelocityMps,0
452,repCount,0
452,motionIntensityG,0.08
452,activeEnergyKcal,26.0251077838857
452,heartRateBpm,168.5124521431518
453,repVelocityMps,0
453,repCount,0
453,motionIntensityG,0.08
453,activeEnergyKcal,26.09009809087529
453,heartRateBpm,170.55311217091676
454,repVelocityMps,0
454,repCount,0
454,motionIntensityG,0.08
454,activeEnergyKcal,26.15508672694922
454,heartRateBpm,170.95281541018474
455,repVelocityMps,0
455,repCount,0
455,motionIntensityG,0.08
455,activeEnergyKcal,26.220073692107498
455,heartRateBpm,171.36685240561528
456,repVelocityMps,0
456,repCount,0
456,motionIntensityG,0.08
456,activeEnergyKcal,26.285058986350116
456,heartRateBpm,172.1959485182143
457,repVelocityMps,0
457,repCount,0
457,motionIntensityG,0.08
457,activeEnergyKcal,26.350042609677075
457,heartRateBpm,173.15898900201756
458,repVelocityMps,0
458,repCount,0
458,motionIntensityG,0.08
458,activeEnergyKcal,26.415024562088377
458,heartRateBpm,172.446972333408
459,repVelocityMps,0
459,repCount,0
459,motionIntensityG,0.08
459,activeEnergyKcal,26.48000484358402
459,heartRateBpm,172.82113749060625
460,repVelocityMps,0
460,repCount,0
460,motionIntensityG,0.08
460,activeEnergyKcal,26.544983454164008
460,heartRateBpm,172.3852710767258
461,repVelocityMps,0
461,repCount,0
461,motionIntensityG,0.08
461,activeEnergyKcal,26.609960393828338
461,heartRateBpm,172.04052172900154
462,repVelocityMps,0
462,repCount,0
462,motionIntensityG,0.08
462,activeEnergyKcal,26.67493566257701
462,heartRateBpm,171.28795506357048
463,repVelocityMps,0
463,repCount,0
463,motionIntensityG,0.08
463,activeEnergyKcal,26.739909260410023
463,heartRateBpm,170.56248490122206
464,repVelocityMps,0
464,repCount,0
464,motionIntensityG,0.08
464,activeEnergyKcal,26.804881187327382
464,heartRateBpm,171.4891836253663
465,repVelocityMps,0
465,repCount,0
465,motionIntensityG,0.08
465,activeEnergyKcal,26.869851443329082
465,heartRateBpm,171.54171284881178
466,repVelocityMps,0
466,repCount,0
466,motionIntensityG,0.08
466,activeEnergyKcal,26.934820028415125
466,heartRateBpm,170.82435876523422
467,repVelocityMps,0
467,repCount,0
467,motionIntensityG,0.08
467,activeEnergyKcal,26.99978694258551
467,heartRateBpm,170.16662586058655
468,repVelocityMps,0
468,repCount,0
468,motionIntensityG,0.08
468,activeEnergyKcal,27.064752185840234
468,heartRateBpm,168.91702487367715
469,repVelocityMps,0
469,repCount,0
469,motionIntensityG,0.08
469,activeEnergyKcal,27.129715758179305
469,heartRateBpm,169.74827361441504
470,repVelocityMps,0
470,repCount,0
470,motionIntensityG,0.08
470,activeEnergyKcal,27.194677659602718
470,heartRateBpm,170.65814503474118
471,repVelocityMps,0
471,repCount,0
471,motionIntensityG,0.08
471,activeEnergyKcal,27.259637890110472
471,heartRateBpm,170.12840407009193
472,repVelocityMps,0
472,repCount,0
472,motionIntensityG,0.08
472,activeEnergyKcal,27.324596449702568
472,heartRateBpm,169.7826070435769
473,repVelocityMps,0
473,repCount,0
473,motionIntensityG,0.08
473,activeEnergyKcal,27.389553338379006
473,heartRateBpm,169.34721518957645
474,repVelocityMps,0
474,repCount,0
474,motionIntensityG,0.08
474,activeEnergyKcal,27.45450855613979
474,heartRateBpm,168.5244183929199
475,repVelocityMps,0
475,repCount,0
475,motionIntensityG,0.08
475,activeEnergyKcal,27.519462102984914
475,heartRateBpm,170.35078097888086
476,repVelocityMps,0
476,repCount,0
476,motionIntensityG,0.08
476,activeEnergyKcal,27.58441397891438
476,heartRateBpm,169.96299036973667
477,repVelocityMps,0
477,repCount,0
477,motionIntensityG,0.08
477,activeEnergyKcal,27.64936418392819
477,heartRateBpm,170.08868494583683
478,repVelocityMps,0
478,repCount,0
478,motionIntensityG,0.08
478,activeEnergyKcal,27.71431271802634
478,heartRateBpm,171.38893058300252
479,repVelocityMps,0
479,repCount,0
479,motionIntensityG,0.08
479,activeEnergyKcal,27.779259581208834
479,heartRateBpm,173.929425532151
480,repVelocityMps,0
480,repCount,0
480,motionIntensityG,0.08
480,activeEnergyKcal,27.84420477347567
480,heartRateBpm,172.1340390086788
481,repVelocityMps,0
481,repCount,0
481,motionIntensityG,0.08
481,activeEnergyKcal,27.90914829482685
481,heartRateBpm,173.17006269626677
482,repVelocityMps,0
482,repCount,0
482,motionIntensityG,0.08
482,activeEnergyKcal,27.97409014526237
482,heartRateBpm,173.65426919778116
483,repVelocityMps,0
483,repCount,0
483,motionIntensityG,0.08
483,activeEnergyKcal,28.039030324782235
483,heartRateBpm,174.01824356414164
484,repVelocityMps,0
484,repCount,0
484,motionIntensityG,0.08
484,activeEnergyKcal,28.103968833386443
484,heartRateBpm,176.6924309917814
485,repVelocityMps,0
485,repCount,0
485,motionIntensityG,0.08
485,activeEnergyKcal,28.16890567107499
485,heartRateBpm,176.6620625835247
486,repVelocityMps,0
486,repCount,0
486,motionIntensityG,0.08
486,activeEnergyKcal,28.233840837847882
486,heartRateBpm,175.16203218281666
487,repVelocityMps,0
487,repCount,0
487,motionIntensityG,0.08
487,activeEnergyKcal,28.298774333705115
487,heartRateBpm,175.84094850918186
488,repVelocityMps,0
488,repCount,0
488,motionIntensityG,0.08
488,activeEnergyKcal,28.363706158646693
488,heartRateBpm,175.44462215536387
489,repVelocityMps,0
489,repCount,0
489,motionIntensityG,0.08
489,activeEnergyKcal,28.428636312672612
489,heartRateBpm,176.33063667677314
490,repVelocityMps,0
490,repCount,0
490,motionIntensityG,0.08
490,activeEnergyKcal,28.493564795782873
490,heartRateBpm,176.40791927538072
491,repVelocityMps,0
491,repCount,0
491,motionIntensityG,0.08
491,activeEnergyKcal,28.558491607977476
491,heartRateBpm,177.55458010439548
492,repVelocityMps,0
492,repCount,0
492,motionIntensityG,0.08
492,activeEnergyKcal,28.62341674925642
492,heartRateBpm,178.24082988646157
493,repVelocityMps,0
493,repCount,0
493,motionIntensityG,0.08
493,activeEnergyKcal,28.68834021961971
493,heartRateBpm,177.2925525341445
494,repVelocityMps,0
494,repCount,0
494,motionIntensityG,0.08
494,activeEnergyKcal,28.753262019067343
494,heartRateBpm,177.97629648827754
495,repVelocityMps,0
495,repCount,0
495,motionIntensityG,0.08
495,activeEnergyKcal,28.818182147599316
495,heartRateBpm,178.23189351985678
496,repVelocityMps,0
496,repCount,0
496,motionIntensityG,0.08
496,activeEnergyKcal,28.88310060521563
496,heartRateBpm,178.7272027886022
497,repVelocityMps,0
497,repCount,0
497,motionIntensityG,0.08
497,activeEnergyKcal,28.948017391916288
497,heartRateBpm,178.25685008343274
498,repVelocityMps,0
498,repCount,0
498,motionIntensityG,0.08
498,activeEnergyKcal,29.01293250770129
498,heartRateBpm,178.7203168586927
499,repVelocityMps,0
499,repCount,0
499,motionIntensityG,0.08
499,activeEnergyKcal,29.077845952570634
499,heartRateBpm,179.05840166786615
500,repVelocityMps,0
500,repCount,0
500,motionIntensityG,0.08
500,activeEnergyKcal,29.14275772652432
500,heartRateBpm,177.92326007795756
501,repVelocityMps,0
501,repCount,0
501,motionIntensityG,0.08
501,activeEnergyKcal,29.207667829562347
501,heartRateBpm,179.16584280627544
502,repVelocityMps,0
502,repCount,0
502,motionIntensityG,0.08
502,activeEnergyKcal,29.27257626168472
502,heartRateBpm,178.84187389134402
503,repVelocityMps,0
503,repCount,0
503,motionIntensityG,0.08
503,activeEnergyKcal,29.337483022891433
503,heartRateBpm,181.29037696187095
504,repVelocityMps,0
504,repCount,0
504,motionIntensityG,0.08
504,activeEnergyKcal,29.40238811318249
504,heartRateBpm,183.2545448863705
505,repVelocityMps,0
505,repCount,0
505,motionIntensityG,0.08
505,activeEnergyKcal,29.467291532557887
505,heartRateBpm,182.79091794399056
506,repVelocityMps,0
506,repCount,0
506,motionIntensityG,0.08
506,activeEnergyKcal,29.532193281017626
506,heartRateBpm,182.1733585445489
507,repVelocityMps,0
507,repCount,0
507,motionIntensityG,0.08
507,activeEnergyKcal,29.59709335856171
507,heartRateBpm,182.60533843997965
508,repVelocityMps,0
508,repCount,0
508,motionIntensityG,0.08
508,activeEnergyKcal,29.661991765190137
508,heartRateBpm,184.16607550032373
509,repVelocityMps,0
509,repCount,0
509,motionIntensityG,0.08
509,activeEnergyKcal,29.726888500902906
509,heartRateBpm,184.77043455726053
510,repVelocityMps,0
510,repCount,0
510,motionIntensityG,0.08
510,activeEnergyKcal,29.791783565700015
510,heartRateBpm,185.02179658910885
511,repVelocityMps,0
511,repCount,0
511,motionIntensityG,0.08
511,activeEnergyKcal,29.856676959581467
511,heartRateBpm,184.2175867199728
512,repVelocityMps,0
512,repCount,0
512,motionIntensityG,0.08
512,activeEnergyKcal,29.921568682547264
512,heartRateBpm,185.18763706511672
513,repVelocityMps,0
513,repCount,0
513,motionIntensityG,0.08
513,activeEnergyKcal,29.986458734597402
513,heartRateBpm,185.0109373782473
514,repVelocityMps,0
514,repCount,0
514,motionIntensityG,0.08
514,activeEnergyKcal,30.051347115731883
514,heartRateBpm,183.76335200434312
515,repVelocityMps,0
515,repCount,0
515,motionIntensityG,0.08
515,activeEnergyKcal,30.116233825950705
515,heartRateBpm,184.55222934738063
516,repVelocityMps,0
516,repCount,0
516,motionIntensityG,0.08
516,activeEnergyKcal,30.18111886525387
516,heartRateBpm,185.1678639496221
517,repVelocityMps,0
517,repCount,0
517,motionIntensityG,0.08
517,activeEnergyKcal,30.24600223364138
517,heartRateBpm,185.25328665199038
518,repVelocityMps,0
518,repCount,0
518,motionIntensityG,0.08
518,activeEnergyKcal,30.31088393111323
518,heartRateBpm,184.62052079660322
519,repVelocityMps,0
519,repCount,0
519,motionIntensityG,0.08
519,activeEnergyKcal,30.375763957669424
519,heartRateBpm,185.2505246458427
520,repVelocityMps,0
520,repCount,0
520,motionIntensityG,0.08
520,activeEnergyKcal,30.440642313309958
520,heartRateBpm,186.34898847351096
521,repVelocityMps,0
521,repCount,0
521,motionIntensityG,0.08
521,activeEnergyKcal,30.505518998034837
521,heartRateBpm,186.38136774085208
522,repVelocityMps,0
522,repCount,0
522,motionIntensityG,0.08
522,activeEnergyKcal,30.57039401184406
522,heartRateBpm,187.3685098769303
523,repVelocityMps,0
523,repCount,0
523,motionIntensityG,0.08
523,activeEnergyKcal,30.63526735473762
523,heartRateBpm,185.69334332204255
524,repVelocityMps,0
524,repCount,0
524,motionIntensityG,0.08
524,activeEnergyKcal,30.700139026715526
524,heartRateBpm,185.7364721999071
525,repVelocityMps,0
525,repCount,0
525,motionIntensityG,0.08
525,activeEnergyKcal,30.765009027777772
525,heartRateBpm,188.1152483667387
526,repVelocityMps,0
526,repCount,0
526,motionIntensityG,0.08
526,activeEnergyKcal,30.829877357924364
526,heartRateBpm,188.81724898636762
527,repVelocityMps,0
527,repCount,0
527,motionIntensityG,0.08
527,activeEnergyKcal,30.894744017155297
527,heartRateBpm,188.87238971289983
528,repVelocityMps,0
528,repCount,0
528,motionIntensityG,0.08
528,activeEnergyKcal,30.959609005470572
528,heartRateBpm,188.2717239854252
529,repVelocityMps,0
529,repCount,0
529,motionIntensityG,0.08
529,activeEnergyKcal,31.02447232287019
529,heartRateBpm,186.43135325967526
530,repVelocityMps,0
530,repCount,0
530,motionIntensityG,0.08
530,activeEnergyKcal,31.089333969354147
530,heartRateBpm,185.6717766080321
531,repVelocityMps,0
531,repCount,0
531,motionIntensityG,0.08
531,activeEnergyKcal,31.15419394492245
531,heartRateBpm,186.54297123057384
532,repVelocityMps,0
532,repCount,0
532,motionIntensityG,0.08
532,activeEnergyKcal,31.219052249575096
532,heartRateBpm,184.78642105244566
533,repVelocityMps,0
533,repCount,0
533,motionIntensityG,0.08
533,activeEnergyKcal,31.283908883312083
533,heartRateBpm,184.70713886875313
534,repVelocityMps,0
534,repCount,0
534,motionIntensityG,0.08
534,activeEnergyKcal,31.348763846133412
534,heartRateBpm,185.50960399045965
535,repVelocityMps,0
535,repCount,0
535,motionIntensityG,0.08
535,activeEnergyKcal,31.413617138039086
535,heartRateBpm,183.68432600808578
536,repVelocityMps,0
536,repCount,0
536,motionIntensityG,0.08
536,activeEnergyKcal,31.478468759029102
536,heartRateBpm,181.66418498065937
537,repVelocityMps,0
537,repCount,0
537,motionIntensityG,0.08
537,activeEnergyKcal,31.54331870910346
537,heartRateBpm,183.96942807348694
538,repVelocityMps,0
538,repCount,0
538,motionIntensityG,0.08
538,activeEnergyKcal,31.60816698826216
538,heartRateBpm,184.05780615697716
539,repVelocityMps,0
539,repCount,0
539,motionIntensityG,0.08
539,activeEnergyKcal,31.6730135965052
539,heartRateBpm,184.22618071295577
540,repVelocityMps,0
540,repCount,0
540,motionIntensityG,0.08
540,activeEnergyKcal,31.737858533832586
540,heartRateBpm,182.71977260012773
541,repVelocityMps,0
541,repCount,0
541,motionIntensityG,0.08
541,activeEnergyKcal,31.771528651476522
541,heartRateBpm,180.30898017615542
542,repVelocityMps,0
542,repCount,0
542,motionIntensityG,0.08
542,activeEnergyKcal,31.805199730189077
542,heartRateBpm,179.8251545952185
543,repVelocityMps,0
543,repCount,0
543,motionIntensityG,0.08
543,activeEnergyKcal,31.838871769970254
543,heartRateBpm,179.07140452245014
544,repVelocityMps,0
544,repCount,0
544,motionIntensityG,0.08
544,activeEnergyKcal,31.872544770820053
544,heartRateBpm,177.1778490941219
545,repVelocityMps,0
545,repCount,0
545,motionIntensityG,0.08
545,activeEnergyKcal,31.906218732738473
545,heartRateBpm,176.35691747685541
546,repVelocityMps,0
546,repCount,0
546,motionIntensityG,0.08
546,activeEnergyKcal,31.939893655725513
546,heartRateBpm,175.7475774187104
547,repVelocityMps,0
547,repCount,0
547,motionIntensityG,0.08
547,activeEnergyKcal,31.973569539781174
547,heartRateBpm,174.49954135338842
548,repVelocityMps,0
548,repCount,0
548,motionIntensityG,0.08
548,activeEnergyKcal,32.00724638490546
548,heartRateBpm,173.80390273023423
549,repVelocityMps,0
549,repCount,0
549,motionIntensityG,0.08
549,activeEnergyKcal,32.04092419109836
549,heartRateBpm,172.0185994182497
550,repVelocityMps,0
550,repCount,0
550,motionIntensityG,0.08
550,activeEnergyKcal,32.07460295835989
550,heartRateBpm,171.29987153996174
551,repVelocityMps,0
551,repCount,0
551,motionIntensityG,0.08
551,activeEnergyKcal,32.10828268669004
551,heartRateBpm,169.49635820350989
552,repVelocityMps,0
552,repCount,0
552,motionIntensityG,0.08
552,activeEnergyKcal,32.14196337608881
552,heartRateBpm,169.05810769136846
553,repVelocityMps,0
553,repCount,0
553,motionIntensityG,0.08
553,activeEnergyKcal,32.1756450265562
553,heartRateBpm,167.694456589204
554,repVelocityMps,0
554,repCount,0
554,motionIntensityG,0.08
554,activeEnergyKcal,32.209327638092205
554,heartRateBpm,166.397776084811
555,repVelocityMps,0
555,repCount,0
555,motionIntensityG,0.08
555,activeEnergyKcal,32.243011210696835
555,heartRateBpm,162.63818350630544
556,repVelocityMps,0
556,repCount,0
556,motionIntensityG,0.08
556,activeEnergyKcal,32.27669574437009
556,heartRateBpm,163.00462989397525
557,repVelocityMps,0
557,repCount,0
557,motionIntensityG,0.08
557,activeEnergyKcal,32.31038123911196
557,heartRateBpm,162.90409813419265
558,repVelocityMps,0
558,repCount,0
558,motionIntensityG,0.08
558,activeEnergyKcal,32.34406769492246
558,heartRateBpm,162.2280496385386
559,repVelocityMps,0
559,repCount,0
559,motionIntensityG,0.08
559,activeEnergyKcal,32.37775511180158
559,heartRateBpm,161.53093773275845
560,repVelocityMps,0
560,repCount,0
560,motionIntensityG,0.08
560,activeEnergyKcal,32.41144348974932
560,heartRateBpm,160.6436744722575
561,repVelocityMps,0
561,repCount,0
561,motionIntensityG,0.08
561,activeEnergyKcal,32.44513282876567
561,heartRateBpm,158.43501356714876
562,repVelocityMps,0
562,repCount,0
562,motionIntensityG,0.08
562,activeEnergyKcal,32.47882312885065
562,heartRateBpm,157.37066806328073
563,repVelocityMps,0
563,repCount,0
563,motionIntensityG,0.08
563,activeEnergyKcal,32.51251439000425
563,heartRateBpm,154.6270933663458
564,repVelocityMps,0
564,repCount,0
564,motionIntensityG,0.08
564,activeEnergyKcal,32.54620661222647
564,heartRateBpm,153.0403950667706
565,repVelocityMps,0
565,repCount,0
565,motionIntensityG,0.08
565,activeEnergyKcal,32.57989979551731
565,heartRateBpm,151.20244442967555
566,repVelocityMps,0
566,repCount,0
566,motionIntensityG,0.08
566,activeEnergyKcal,32.61359393987678
566,heartRateBpm,150.2698709071693
567,repVelocityMps,0
567,repCount,0
567,motionIntensityG,0.08
567,activeEnergyKcal,32.647289045304866
567,heartRateBpm,148.61426971534598
568,repVelocityMps,0
568,repCount,0
568,motionIntensityG,0.08
568,activeEnergyKcal,32.680985111801576
568,heartRateBpm,147.72635130614358
569,repVelocityMps,0
569,repCount,0
569,motionIntensityG,0.08
569,activeEnergyKcal,32.71468213936691
569,heartRateBpm,146.9547900050241
570,repVelocityMps,0
570,repCount,0
570,motionIntensityG,0.08
570,activeEnergyKcal,32.74838012800085
570,heartRateBpm,144.55910954272449
571,repVelocityMps,0
571,repCount,0
571,motionIntensityG,0.08
571,activeEnergyKcal,32.78207907770342
571,heartRateBpm,142.25329202042843
572,repVelocityMps,0
572,repCount,0
572,motionIntensityG,0.08
572,activeEnergyKcal,32.81577898847461
572,heartRateBpm,140.18725219465125
573,repVelocityMps,0
573,repCount,0
573,motionIntensityG,0.08
573,activeEnergyKcal,32.849479860314425
573,heartRateBpm,140.14548795794272
574,repVelocityMps,0
574,repCount,0
574,motionIntensityG,0.08
574,activeEnergyKcal,32.88318169322286
574,heartRateBpm,136.74716103715645
575,repVelocityMps,0
575,repCount,0
575,motionIntensityG,0.08
575,activeEnergyKcal,32.916884487199916
575,heartRateBpm,135.19547773759385
576,repVelocityMps,0
576,repCount,0
576,motionIntensityG,0.08
576,activeEnergyKcal,32.950588242245594
576,heartRateBpm,131.8633969108463
577,repVelocityMps,0
577,repCount,0
577,motionIntensityG,0.08
577,activeEnergyKcal,32.984292958359894
577,heartRateBpm,130.80289252258038
578,repVelocityMps,0
578,repCount,0
578,motionIntensityG,0.08
578,activeEnergyKcal,33.01799863554282
578,heartRateBpm,129.32100067519838
579,repVelocityMps,0
579,repCount,0
579,motionIntensityG,0.08
579,activeEnergyKcal,33.051705273794354
579,heartRateBpm,128.04992099896845
580,repVelocityMps,0
580,repCount,0
580,motionIntensityG,0.08
580,activeEnergyKcal,33.085412873114514
580,heartRateBpm,129.77889173797539
581,repVelocityMps,0
581,repCount,0
581,motionIntensityG,0.08
581,activeEnergyKcal,33.119121433503295
581,heartRateBpm,130.72698936818966
582,repVelocityMps,0
582,repCount,0
582,motionIntensityG,0.08
582,activeEnergyKcal,33.1528309549607
582,heartRateBpm,126.3601240797886
583,repVelocityMps,0
583,repCount,0
583,motionIntensityG,0.08
583,activeEnergyKcal,33.186541437486724
583,heartRateBpm,126.63965482221481
584,repVelocityMps,0
584,repCount,0
584,motionIntensityG,0.08
584,activeEnergyKcal,33.22025288108137
584,heartRateBpm,125.36830204530166
585,repVelocityMps,0
585,repCount,0
585,motionIntensityG,0.08
585,activeEnergyKcal,33.25396528574464
585,heartRateBpm,125.04567424671306
586,repVelocityMps,0
586,repCount,0
586,motionIntensityG,0.08
586,activeEnergyKcal,33.28767865147653
586,heartRateBpm,125.15260333769618
587,repVelocityMps,0
587,repCount,0
587,motionIntensityG,0.08
587,activeEnergyKcal,33.32139297827704
587,heartRateBpm,124.90144987198475
588,repVelocityMps,0
588,repCount,0
588,motionIntensityG,0.08
588,activeEnergyKcal,33.35510826614617
588,heartRateBpm,112.19356769941791
589,repVelocityMps,0
589,repCount,0
589,motionIntensityG,0.08
589,activeEnergyKcal,33.38882451508392
589,heartRateBpm,99.37839026710579
590,repVelocityMps,0
590,repCount,0
590,motionIntensityG,0.08
590,activeEnergyKcal,33.42254172509029
590,heartRateBpm,84.75705635617226
591,repVelocityMps,0
591,repCount,0
591,motionIntensityG,0.08
591,activeEnergyKcal,33.456259896165285
591,heartRateBpm,82.40230886585196
592,repVelocityMps,0
592,repCount,0
592,motionIntensityG,0.08
592,activeEnergyKcal,33.4899790283089
592,heartRateBpm,83.19210221671567
593,repVelocityMps,0
593,repCount,0
593,motionIntensityG,0.08
593,activeEnergyKcal,33.52369912152114
593,heartRateBpm,82.23633164987801
594,repVelocityMps,0
594,repCount,0
594,motionIntensityG,0.08
594,activeEnergyKcal,33.557420175802
594,heartRateBpm,81.27337626777248
595,repVelocityMps,0
595,repCount,0
595,motionIntensityG,0.08
595,activeEnergyKcal,33.591142191151484
595,heartRateBpm,82.0197001570771
596,repVelocityMps,0
596,repCount,0
596,motionIntensityG,0.08
596,activeEnergyKcal,33.62486516756958
596,heartRateBpm,80.85695171811561
597,repVelocityMps,0
597,repCount,0
597,motionIntensityG,0.08
597,activeEnergyKcal,33.6585891050563
597,heartRateBpm,81.58933601912278
598,repVelocityMps,0
598,repCount,0
598,motionIntensityG,0.08
598,activeEnergyKcal,33.69231400361164
598,heartRateBpm,83.19240097342188
599,repVelocityMps,0
599,repCount,0
599,motionIntensityG,0.08
599,activeEnergyKcal,33.726039863235606
599,heartRateBpm,83.74345081699805
